hero,"{'heroId': '1', 'name': '黑暗之女', 'alias': 'Annie', 'title': '安妮', 'roles': ['mage'], 'isWeekFree': '0', 'attack': '2', 'defense': '3', 'magic': '10', 'difficulty': '6', 'selectAudio': 'https://game.gtimg.cn/images/lol/act/img/vo/choose/1.ogg', 'banAudio': 'https://game.gtimg.cn/images/lol/act/img/vo/ban/1.ogg', 'isARAMweekfree': '0', 'ispermanentweekfree': '0', 'changeLabel': '改動英雄', 'goldPrice': '450', 'couponPrice': '1000', 'camp': '', 'campId': '', 'keywords': '安妮,黑暗之女,火女,Annie,anni,heianzhinv,huonv,an,hazn,hn', 'instance_id': '0b95894e-0df2-470e-b282-6c5f5cf41955'}"
hero,"{'heroId': '2', 'name': '狂戰士', 'alias': 'Olaf', 'title': '奧拉夫', 'roles': ['fighter', 'tank'], 'isWeekFree': '0', 'attack': '9', 'defense': '5', 'magic': '3', 'difficulty': '3', 'selectAudio': 'https://game.gtimg.cn/images/lol/act/img/vo/choose/2.ogg', 'banAudio': 'https://game.gtimg.cn/images/lol/act/img/vo/ban/2.ogg', 'isARAMweekfree': '0', 'ispermanentweekfree': '0', 'changeLabel': '改動英雄', 'goldPrice': '3150', 'couponPrice': '1500', 'camp': '', 'campId': '', 'keywords': '狂戰士,奧拉夫,kzs,alf,Olaf,kuangzhanshi,aolafu', 'instance_id': 'd5ac729e-d5ef-4565-9ede-ac25493dafca'}"
hero,"{'heroId': '3', 'name': '正義巨像', 'alias': 'Galio', 'title': '加里奧', 'roles': ['tank', 'mage'], 'isWeekFree': '0', 'attack': '1', 'defense': '10', 'magic': '6', 'difficulty': '5', 'selectAudio': 'https://game.gtimg.cn/images/lol/act/img/vo/choose/3.ogg', 'banAudio': 'https://game.gtimg.cn/images/lol/act/img/vo/ban/3.ogg', 'isARAMweekfree': '0', 'ispermanentweekfree': '0', 'changeLabel': '改動英雄', 'goldPrice': '3150', 'couponPrice': '2000', 'camp': '', 'campId': '', 'keywords': '正義巨像,加里奧,Galio,jla,zyjx,zhengyijuxiang,jialiao', 'instance_id': 'cbe8e557-6b38-4478-ae6f-9b03f10fb4d5'}"
hero,"{'heroId': '4', 'name': '卡牌大師', 'alias': 'TwistedFate', 'title': '崔斯特', 'roles': ['mage'], 'isWeekFree': '0', 'attack': '6', 'defense': '2', 'magic': '6', 'difficulty': '9', 'selectAudio': 'https://game.gtimg.cn/images/lol/act/img/vo/choose/4.ogg', 'banAudio': 'https://game.gtimg.cn/images/lol/act/img/vo/ban/4.ogg', 'isARAMweekfree': '0', 'ispermanentweekfree': '0', 'changeLabel': '無改動', 'goldPrice': '4800', 'couponPrice': '2500', 'camp': '', 'campId': '', 'keywords': '卡牌大師,崔斯特,卡牌,TwistedFate,kp,cst,kpds,kapaidashi,cuisite,kapai', 'instance_id': 'cf9428c9-230d-4bd7-9e28-f09269bf2a47'}"
hero,"{'heroId': '5', 'name': '德邦總管', 'alias': 'XinZhao', 'title': '趙信', 'roles': ['fighter', 'assassin'], 'isWeekFree': '0', 'attack': '8', 'defense': '6', 'magic': '3', 'difficulty': '2', 'selectAudio': 'https://game.gtimg.cn/images/lol/act/img/vo/choose/5.ogg', 'banAudio': 'https://game.gtimg.cn/images/lol/act/img/vo/ban/5.ogg', 'isARAMweekfree': '0', 'ispermanentweekfree': '0', 'changeLabel': '無改動', 'goldPrice': '1350', 'couponPrice': '2000', 'camp': '', 'campId': '', 'keywords': '德邦總管,德邦,趙信,XinZhao,db,dbzg,zx,debangzongguan,debang,zhaoxin', 'instance_id': '5aec3771-c92f-4a86-a43e-f00fbd2db5f6'}"
hero,"{'heroId': '6', 'name': '無畏戰車', 'alias': 'Urgot', 'title': '厄加特', 'roles': ['fighter', 'tank'], 'isWeekFree': '0', 'attack': '8', 'defense': '5', 'magic': '3', 'difficulty': '8', 'selectAudio': 'https://game.gtimg.cn/images/lol/act/img/vo/choose/6.ogg', 'banAudio': 'https://game.gtimg.cn/images/lol/act/img/vo/ban/6.ogg', 'isARAMweekfree': '0', 'ispermanentweekfree': '0', 'changeLabel': '無改動', 'goldPrice': '3150', 'couponPrice': '1000', 'camp': '', 'campId': '', 'keywords': '無畏戰車,厄加特,ejt,wwzc,Urgot,wuweizhanche,ejiate', 'instance_id': '11f0376f-018e-42ac-900a-6381027c28a3'}"
hero,"{'heroId': '7', 'name': '詭術妖姬', 'alias': 'Leblanc', 'title': '樂芙蘭', 'roles': ['assassin', 'mage'], 'isWeekFree': '0', 'attack': '1', 'defense': '4', 'magic': '10', 'difficulty': '9', 'selectAudio': 'https://game.gtimg.cn/images/lol/act/img/vo/choose/7.ogg', 'banAudio': 'https://game.gtimg.cn/images/lol/act/img/vo/ban/7.ogg', 'isARAMweekfree': '0', 'ispermanentweekfree': '0', 'changeLabel': '改動英雄', 'goldPrice': '3150', 'couponPrice': '2500', 'camp': '', 'campId': '', 'keywords': '詭術妖姬,妖姬,樂芙蘭,Leblanc,lfl,yj,gsyj,guishuyaoji,yaoji,lefulan', 'instance_id': 'ec0af028-71d5-461b-953b-7cb63ee73215'}"
hero,"{'heroId': '8', 'name': '猩紅收割者', 'alias': 'Vladimir', 'title': '弗拉基米爾', 'roles': ['mage'], 'isWeekFree': '0', 'attack': '2', 'defense': '6', 'magic': '8', 'difficulty': '7', 'selectAudio': 'https://game.gtimg.cn/images/lol/act/img/vo/choose/8.ogg', 'banAudio': 'https://game.gtimg.cn/images/lol/act/img/vo/ban/8.ogg', 'isARAMweekfree': '0', 'ispermanentweekfree': '0', 'changeLabel': '無改動', 'goldPrice': '3150', 'couponPrice': '2500', 'camp': '', 'campId': '', 'keywords': '猩紅收割者,吸血鬼,弗拉基米爾,fljme,xxg,xhsgz,Vladimir,xinghongshougezhe,xixiegui,fulajimier', 'instance_id': 'e1d1e6dd-5480-43f5-ab68-72e26ba189c2'}"
hero,"{'heroId': '9', 'name': '遠古恐懼', 'alias': 'FiddleSticks', 'title': '費德提克', 'roles': ['mage', 'support'], 'isWeekFree': '0', 'attack': '2', 'defense': '3', 'magic': '9', 'difficulty': '9', 'selectAudio': 'https://game.gtimg.cn/images/lol/act/img/vo/choose/9.ogg', 'banAudio': 'https://game.gtimg.cn/images/lol/act/img/vo/ban/9.ogg', 'isARAMweekfree': '0', 'ispermanentweekfree': '0', 'changeLabel': '無改動', 'goldPrice': '1350', 'couponPrice': '2000', 'camp': '', 'campId': '', 'keywords': '遠古恐懼,費德提克,稻草人,FiddleSticks,yuangukongju,feidetike,daocaoren,dcr,fdtk,ygkj', 'instance_id': 'd78947cc-f2d2-49b4-b533-768b7ba1929b'}"
hero,"{'heroId': '10', 'name': '正義天使', 'alias': 'Kayle', 'title': '凱爾', 'roles': ['fighter', 'support'], 'isWeekFree': '0', 'attack': '6', 'defense': '6', 'magic': '7', 'difficulty': '7', 'selectAudio': 'https://game.gtimg.cn/images/lol/act/img/vo/choose/10.ogg', 'banAudio': 'https://game.gtimg.cn/images/lol/act/img/vo/ban/10.ogg', 'isARAMweekfree': '0', 'ispermanentweekfree': '0', 'changeLabel': '改動英雄', 'goldPrice': '4800', 'couponPrice': '1000', 'camp': '', 'campId': '', 'keywords': '正義天使,凱爾,天使,ts,zyts,ke,Kayle,zhengyitianshi,kaier,tianshi', 'instance_id': '88faca40-76aa-4f01-a5a1-b413831fc538'}"
hero,"{'heroId': '11', 'name': '無極劍聖', 'alias': 'MasterYi', 'title': '易', 'roles': ['assassin', 'fighter'], 'isWeekFree': '0', 'attack': '10', 'defense': '4', 'magic': '2', 'difficulty': '4', 'selectAudio': 'https://game.gtimg.cn/images/lol/act/img/vo/choose/11.ogg', 'banAudio': 'https://game.gtimg.cn/images/lol/act/img/vo/ban/11.ogg', 'isARAMweekfree': '0', 'ispermanentweekfree': '0', 'changeLabel': '無改動', 'goldPrice': '450', 'couponPrice': '1000', 'camp': '', 'campId': '', 'keywords': '無極劍聖,易,劍聖,js,y,wjjs,MasterYi,wujijiansheng,yi,jiansheng', 'instance_id': '0b4f900a-05a2-40eb-b966-c26a854fd472'}"
hero,"{'heroId': '12', 'name': '牛頭酋長', 'alias': 'Alistar', 'title': '阿利斯塔', 'roles': ['tank', 'support'], 'isWeekFree': '0', 'attack': '6', 'defense': '9', 'magic': '5', 'difficulty': '7', 'selectAudio': 'https://game.gtimg.cn/images/lol/act/img/vo/choose/12.ogg', 'banAudio': 'https://game.gtimg.cn/images/lol/act/img/vo/ban/12.ogg', 'isARAMweekfree': '0', 'ispermanentweekfree': '0', 'changeLabel': '改動英雄', 'goldPrice': '1350', 'couponPrice': '1000', 'camp': '', 'campId': '', 'keywords': '阿利斯塔,牛頭,牛頭酋長,酋長,alisita,niutou,niutouqiuzhang,qiuzhang,Alistar,alst,nt,ntqz,qz', 'instance_id': '68840740-4a18-4af1-815a-a3b670d37fb8'}"
hero,"{'heroId': '13', 'name': '符文法師', 'alias': 'Ryze', 'title': '瑞茲', 'roles': ['mage', 'fighter'], 'isWeekFree': '0', 'attack': '2', 'defense': '2', 'magic': '10', 'difficulty': '7', 'selectAudio': 'https://game.gtimg.cn/images/lol/act/img/vo/choose/13.ogg', 'banAudio': 'https://game.gtimg.cn/images/lol/act/img/vo/ban/13.ogg', 'isARAMweekfree': '0', 'ispermanentweekfree': '0', 'changeLabel': '無改動', 'goldPrice': '4800', 'couponPrice': '1000', 'camp': '', 'campId': '', 'keywords': '符文法師,瑞茲,Ryze,光頭,rz,fwfs,gt,fuwenfashi,ruizi,guangtou', 'instance_id': '607f8a12-1a1a-4a75-999f-92b322791143'}"
hero,"{'heroId': '14', 'name': '亡靈戰神', 'alias': 'Sion', 'title': '賽恩', 'roles': ['tank', 'fighter'], 'isWeekFree': '0', 'attack': '5', 'defense': '9', 'magic': '3', 'difficulty': '5', 'selectAudio': 'https://game.gtimg.cn/images/lol/act/img/vo/choose/14.ogg', 'banAudio': 'https://game.gtimg.cn/images/lol/act/img/vo/ban/14.ogg', 'isARAMweekfree': '0', 'ispermanentweekfree': '0', 'changeLabel': '改動英雄', 'goldPrice': '1350', 'couponPrice': '2000', 'camp': '', 'campId': '', 'keywords': '亡靈戰神,塞恩,賽恩,se,wlzs,Sion,wanglingzhanshen,saien', 'instance_id': '0b5a08a0-e0ea-4d8e-bb02-907ab8e7a2e9'}"
hero,"{'heroId': '15', 'name': '戰爭女神', 'alias': 'Sivir', 'title': '希維爾', 'roles': ['marksman'], 'isWeekFree': '0', 'attack': '9', 'defense': '3', 'magic': '1', 'difficulty': '4', 'selectAudio': 'https://game.gtimg.cn/images/lol/act/img/vo/choose/15.ogg', 'banAudio': 'https://game.gtimg.cn/images/lol/act/img/vo/ban/15.ogg', 'isARAMweekfree': '0', 'ispermanentweekfree': '0', 'changeLabel': '無改動', 'goldPrice': '450', 'couponPrice': '1000', 'camp': '', 'campId': '', 'keywords': '戰爭女神,輪子媽,希維爾,lzm,xwe,zzns,Sivir,zhanzhengnvshen,lunzima,xiweier', 'instance_id': '4196b22e-0803-4399-815b-1126422949ab'}"
hero,"{'heroId': '16', 'name': '衆星之子', 'alias': 'Soraka', 'title': '索拉卡', 'roles': ['support', 'mage'], 'isWeekFree': '0', 'attack': '2', 'defense': '5', 'magic': '7', 'difficulty': '3', 'selectAudio': 'https://game.gtimg.cn/images/lol/act/img/vo/choose/16.ogg', 'banAudio': 'https://game.gtimg.cn/images/lol/act/img/vo/ban/16.ogg', 'isARAMweekfree': '0', 'ispermanentweekfree': '0', 'changeLabel': '無改動', 'goldPrice': '450', 'couponPrice': '1000', 'camp': '', 'campId': '', 'keywords': '衆星之子,索拉卡,星媽,奶媽,xm,nm,slk,zxzz,Soraka,zhongxingzhizi,suolaka,xingma,naima', 'instance_id': '2e3c9b95-2005-49ce-be0b-811d1bc02634'}"
hero,"{'heroId': '17', 'name': '迅捷斥候', 'alias': 'Teemo', 'title': '提莫', 'roles': ['marksman', 'assassin'], 'isWeekFree': '0', 'attack': '5', 'defense': '3', 'magic': '7', 'difficulty': '6', 'selectAudio': 'https://game.gtimg.cn/images/lol/act/img/vo/choose/17.ogg', 'banAudio': 'https://game.gtimg.cn/images/lol/act/img/vo/ban/17.ogg', 'isARAMweekfree': '0', 'ispermanentweekfree': '0', 'changeLabel': '無改動', 'goldPrice': '450', 'couponPrice': '1000', 'camp': '', 'campId': '', 'keywords': '迅捷斥候,提莫,timo,Teemo,tm,xjch,xunjiechihou,timo', 'instance_id': '0751f02e-72e5-40c3-bde0-00d01e8bc0f9'}"
hero,"{'heroId': '18', 'name': '麥林炮手', 'alias': 'Tristana', 'title': '崔絲塔娜', 'roles': ['marksman', 'assassin'], 'isWeekFree': '0', 'attack': '9', 'defense': '3', 'magic': '5', 'difficulty': '4', 'selectAudio': 'https://game.gtimg.cn/images/lol/act/img/vo/choose/18.ogg', 'banAudio': 'https://game.gtimg.cn/images/lol/act/img/vo/ban/18.ogg', 'isARAMweekfree': '0', 'ispermanentweekfree': '0', 'changeLabel': '無改動', 'goldPrice': '1350', 'couponPrice': '1000', 'camp': '', 'campId': '', 'keywords': '麥林炮手,小炮,崔絲塔娜,xp,cstn,mlps,Tristana,mailinpaoshou,xiaopao,cuisitana', 'instance_id': '0c0389a2-8bc6-4940-a38c-ed6008f1241e'}"
hero,"{'heroId': '19', 'name': '祖安怒獸', 'alias': 'Warwick', 'title': '沃裏克', 'roles': ['fighter', 'tank'], 'isWeekFree': '0', 'attack': '9', 'defense': '5', 'magic': '3', 'difficulty': '3', 'selectAudio': 'https://game.gtimg.cn/images/lol/act/img/vo/choose/19.ogg', 'banAudio': 'https://game.gtimg.cn/images/lol/act/img/vo/ban/19.ogg', 'isARAMweekfree': '0', 'ispermanentweekfree': '0', 'changeLabel': '無改動', 'goldPrice': '450', 'couponPrice': '1000', 'camp': '', 'campId': '', 'keywords': '祖安怒獸,沃裏克,狼人,lr,wlk,zans,Warwick,zuannushou,wolike,langren', 'instance_id': 'af2cf03c-dae3-4998-b24d-fbca76c39a16'}"
hero,"{'heroId': '20', 'name': '雪原雙子', 'alias': 'Nunu', 'title': '努努和威朗普', 'roles': ['tank', 'fighter'], 'isWeekFree': '0', 'attack': '4', 'defense': '6', 'magic': '7', 'difficulty': '4', 'selectAudio': 'https://game.gtimg.cn/images/lol/act/img/vo/choose/20.ogg', 'banAudio': 'https://game.gtimg.cn/images/lol/act/img/vo/ban/20.ogg', 'isARAMweekfree': '0', 'ispermanentweekfree': '0', 'changeLabel': '無改動', 'goldPrice': '450', 'couponPrice': '1000', 'camp': '', 'campId': '', 'keywords': '雪原雙子,努努和威朗普,努努,雪人,Nunu,nn,xr,xysz,mmhwlp,xueyuanshuangzi,nunuheweilangpu,nunu,xueren', 'instance_id': '2cc3fe64-8edb-41c2-a6cd-f9cd6d93dde6'}"
hero,"{'heroId': '21', 'name': '賞金獵人', 'alias': 'MissFortune', 'title': '厄運小姐', 'roles': ['marksman'], 'isWeekFree': '0', 'attack': '8', 'defense': '2', 'magic': '5', 'difficulty': '1', 'selectAudio': 'https://game.gtimg.cn/images/lol/act/img/vo/choose/21.ogg', 'banAudio': 'https://game.gtimg.cn/images/lol/act/img/vo/ban/21.ogg', 'isARAMweekfree': '0', 'ispermanentweekfree': '0', 'changeLabel': '無改動', 'goldPrice': '450', 'couponPrice': '1000', 'camp': '', 'campId': '', 'keywords': '賞金獵人,賞金,厄運小姐,MF,MissFortune,sj,sjlr,eyxj,shangjinlieren,shangjin,eyunxiaojie', 'instance_id': 'a2675968-f147-4cbf-b067-d15a6109b34c'}"
hero,"{'heroId': '22', 'name': '寒冰射手', 'alias': 'Ashe', 'title': '艾希', 'roles': ['marksman', 'support'], 'isWeekFree': '0', 'attack': '7', 'defense': '3', 'magic': '2', 'difficulty': '4', 'selectAudio': 'https://game.gtimg.cn/images/lol/act/img/vo/choose/22.ogg', 'banAudio': 'https://game.gtimg.cn/images/lol/act/img/vo/ban/22.ogg', 'isARAMweekfree': '0', 'ispermanentweekfree': '0', 'changeLabel': '改動英雄', 'goldPrice': '450', 'couponPrice': '1000', 'camp': '', 'campId': '', 'keywords': '艾希,寒冰,愛射,艾射,冰弓,Ashe,aixi,hanbing,aishe,aishe,binggong,ax,hb,as,bg', 'instance_id': '7f276de2-1a5f-4ad3-aaf8-8137c0224304'}"
hero,"{'heroId': '23', 'name': '蠻族之王', 'alias': 'Tryndamere', 'title': '泰達米爾', 'roles': ['fighter', 'assassin'], 'isWeekFree': '0', 'attack': '10', 'defense': '5', 'magic': '2', 'difficulty': '5', 'selectAudio': 'https://game.gtimg.cn/images/lol/act/img/vo/choose/23.ogg', 'banAudio': 'https://game.gtimg.cn/images/lol/act/img/vo/ban/23.ogg', 'isARAMweekfree': '0', 'ispermanentweekfree': '0', 'changeLabel': '無改動', 'goldPrice': '1350', 'couponPrice': '2000', 'camp': '', 'campId': '', 'keywords': '蠻族之王,蠻王,泰達米爾,Tryndamere,tdme,mw,mzzw,manzuzhiwang,manwang,taidamier', 'instance_id': '417ecd9e-b090-496d-b51b-94498950ec75'}"
hero,"{'heroId': '24', 'name': '武器大師', 'alias': 'Jax', 'title': '賈克斯', 'roles': ['fighter', 'assassin'], 'isWeekFree': '0', 'attack': '7', 'defense': '5', 'magic': '7', 'difficulty': '5', 'selectAudio': 'https://game.gtimg.cn/images/lol/act/img/vo/choose/24.ogg', 'banAudio': 'https://game.gtimg.cn/images/lol/act/img/vo/ban/24.ogg', 'isARAMweekfree': '0', 'ispermanentweekfree': '0', 'changeLabel': '改動英雄', 'goldPrice': '1350', 'couponPrice': '2000', 'camp': '', 'campId': '', 'keywords': '武器大師,賈克斯,武器,Jax,wq,jks,wqds,wuqidashi,jiakesi,wuqi', 'instance_id': '52b637f1-3c5c-4828-a4e5-54d46188282b'}"
hero,"{'heroId': '25', 'name': '墮落天使', 'alias': 'Morgana', 'title': '莫甘娜', 'roles': ['mage', 'support'], 'isWeekFree': '0', 'attack': '1', 'defense': '6', 'magic': '8', 'difficulty': '1', 'selectAudio': 'https://game.gtimg.cn/images/lol/act/img/vo/choose/25.ogg', 'banAudio': 'https://game.gtimg.cn/images/lol/act/img/vo/ban/25.ogg', 'isARAMweekfree': '0', 'ispermanentweekfree': '0', 'changeLabel': '無改動', 'goldPrice': '1350', 'couponPrice': '2000', 'camp': '', 'campId': '', 'keywords': '墮落天使,莫甘娜,MGN,dlts,Morgana,duoluotianshi,moganna', 'instance_id': 'c5c4606a-a436-4125-8f33-2afb2423ad60'}"
hero,"{'heroId': '26', 'name': '時光守護者', 'alias': 'Zilean', 'title': '基蘭', 'roles': ['support', 'mage'], 'isWeekFree': '0', 'attack': '2', 'defense': '5', 'magic': '8', 'difficulty': '6', 'selectAudio': 'https://game.gtimg.cn/images/lol/act/img/vo/choose/26.ogg', 'banAudio': 'https://game.gtimg.cn/images/lol/act/img/vo/ban/26.ogg', 'isARAMweekfree': '0', 'ispermanentweekfree': '0', 'changeLabel': '無改動', 'goldPrice': '1350', 'couponPrice': '1000', 'camp': '', 'campId': '', 'keywords': '時光守護者,基蘭,Zilean,jl,sgshz,時光老人,時光老頭,shiguangshouhuzhe,jilan,shiguanglaoren,shiguanglaotou', 'instance_id': '829f170b-4fcf-413b-9ff5-e598fd4412e9'}"
hero,"{'heroId': '27', 'name': '鍊金術士', 'alias': 'Singed', 'title': '辛吉德', 'roles': ['tank', 'fighter'], 'isWeekFree': '0', 'attack': '4', 'defense': '8', 'magic': '7', 'difficulty': '5', 'selectAudio': 'https://game.gtimg.cn/images/lol/act/img/vo/choose/27.ogg', 'banAudio': 'https://game.gtimg.cn/images/lol/act/img/vo/ban/27.ogg', 'isARAMweekfree': '0', 'ispermanentweekfree': '0', 'changeLabel': '無改動', 'goldPrice': '4800', 'couponPrice': '2000', 'camp': '', 'campId': '', 'keywords': '鍊金術士,辛吉德,鍊金,lj,xjd,ljss,Singed,lianjinshushi,xinjide,lianjin', 'instance_id': '3dea3293-2007-4136-9ead-ac2443eadd59'}"
hero,"{'heroId': '28', 'name': '痛苦之擁', 'alias': 'Evelynn', 'title': '伊芙琳', 'roles': ['assassin', 'mage'], 'isWeekFree': '0', 'attack': '4', 'defense': '2', 'magic': '7', 'difficulty': '10', 'selectAudio': 'https://game.gtimg.cn/images/lol/act/img/vo/choose/28.ogg', 'banAudio': 'https://game.gtimg.cn/images/lol/act/img/vo/ban/28.ogg', 'isARAMweekfree': '0', 'ispermanentweekfree': '0', 'changeLabel': '無改動', 'goldPrice': '1350', 'couponPrice': '2000', 'camp': '', 'campId': '', 'keywords': '痛苦之擁,伊芙琳,寡婦,Evelynn,tongkuzhiyong,yifulin,guafu,gf,tkzy,yfl', 'instance_id': '5c42eca8-eddd-49b6-86f0-b31a093fb8ad'}"
hero,"{'heroId': '29', 'name': '瘟疫之源', 'alias': 'Twitch', 'title': '圖奇', 'roles': ['marksman', 'assassin'], 'isWeekFree': '0', 'attack': '9', 'defense': '2', 'magic': '3', 'difficulty': '6', 'selectAudio': 'https://game.gtimg.cn/images/lol/act/img/vo/choose/29.ogg', 'banAudio': 'https://game.gtimg.cn/images/lol/act/img/vo/ban/29.ogg', 'isARAMweekfree': '0', 'ispermanentweekfree': '0', 'changeLabel': '改動英雄', 'goldPrice': '3150', 'couponPrice': '2500', 'camp': '', 'campId': '', 'keywords': '瘟疫之源,圖奇,老鼠,Twitch,ls,tq,wyzy,wenyizhiyuan,tuqi,laoshu', 'instance_id': '187346f6-409d-484c-8cb1-d6346a47cb3f'}"
hero,"{'heroId': '30', 'name': '死亡頌唱者', 'alias': 'Karthus', 'title': '卡爾薩斯', 'roles': ['mage'], 'isWeekFree': '0', 'attack': '2', 'defense': '2', 'magic': '10', 'difficulty': '7', 'selectAudio': 'https://game.gtimg.cn/images/lol/act/img/vo/choose/30.ogg', 'banAudio': 'https://game.gtimg.cn/images/lol/act/img/vo/ban/30.ogg', 'isARAMweekfree': '0', 'ispermanentweekfree': '0', 'changeLabel': '無改動', 'goldPrice': '3150', 'couponPrice': '2500', 'camp': '', 'campId': '', 'keywords': '死亡頌唱者,卡爾薩斯,死歌,Karthus,sg,kess,swscz,siwangsongchangzhe,kaersasi,sige', 'instance_id': 'a1ee1a8a-59ee-44dd-941f-4fcbd8f0facc'}"
hero,"{'heroId': '31', 'name': '虛空恐懼', 'alias': 'Chogath', 'title': '科加斯', 'roles': ['tank', 'mage'], 'isWeekFree': '0', 'attack': '3', 'defense': '7', 'magic': '7', 'difficulty': '5', 'selectAudio': 'https://game.gtimg.cn/images/lol/act/img/vo/choose/31.ogg', 'banAudio': 'https://game.gtimg.cn/images/lol/act/img/vo/ban/31.ogg', 'isARAMweekfree': '0', 'ispermanentweekfree': '0', 'changeLabel': '改動英雄', 'goldPrice': '1350', 'couponPrice': '1500', 'camp': '', 'campId': '', 'keywords': '虛空恐懼,科加斯,大蟲子,蟲子,Chogath,xukongkongju,kejiasi,dachongzi,chongzi,xkkj,kjs,dcz,cz', 'instance_id': 'f225e3e3-e08a-4583-a54a-734d9f4a8b1e'}"
hero,"{'heroId': '32', 'name': '殤之木乃伊', 'alias': 'Amumu', 'title': '阿木木', 'roles': ['tank', 'mage'], 'isWeekFree': '0', 'attack': '2', 'defense': '6', 'magic': '8', 'difficulty': '3', 'selectAudio': 'https://game.gtimg.cn/images/lol/act/img/vo/choose/32.ogg', 'banAudio': 'https://game.gtimg.cn/images/lol/act/img/vo/ban/32.ogg', 'isARAMweekfree': '0', 'ispermanentweekfree': '0', 'changeLabel': '改動英雄', 'goldPrice': '450', 'couponPrice': '1000', 'camp': '', 'campId': '', 'keywords': '阿木木,木乃伊,分頭,殤之木乃伊,木木,傷之木乃伊,amumu,munaiyi,fentou,shangzhimunaiyi,amm,szmny,mny,ft,mm,mumu', 'instance_id': 'aad16047-3695-4687-a7ad-a56389d846dc'}"
hero,"{'heroId': '33', 'name': '披甲龍龜', 'alias': 'Rammus', 'title': '拉莫斯', 'roles': ['tank', 'fighter'], 'isWeekFree': '0', 'attack': '4', 'defense': '10', 'magic': '5', 'difficulty': '5', 'selectAudio': 'https://game.gtimg.cn/images/lol/act/img/vo/choose/33.ogg', 'banAudio': 'https://game.gtimg.cn/images/lol/act/img/vo/ban/33.ogg', 'isARAMweekfree': '0', 'ispermanentweekfree': '0', 'changeLabel': '改動英雄', 'goldPrice': '1350', 'couponPrice': '2000', 'camp': '', 'campId': '', 'keywords': '披甲龍龜,拉莫斯,龍龜,lg,pjlg,lms,Rammus,pijialonggui,lamosi,longgui', 'instance_id': 'b51cf47b-6d43-4a13-994d-05b6693415e4'}"
hero,"{'heroId': '34', 'name': '冰晶鳳凰', 'alias': 'Anivia', 'title': '艾尼維亞', 'roles': ['mage', 'support'], 'isWeekFree': '0', 'attack': '1', 'defense': '4', 'magic': '10', 'difficulty': '10', 'selectAudio': 'https://game.gtimg.cn/images/lol/act/img/vo/choose/34.ogg', 'banAudio': 'https://game.gtimg.cn/images/lol/act/img/vo/ban/34.ogg', 'isARAMweekfree': '0', 'ispermanentweekfree': '0', 'changeLabel': '無改動', 'goldPrice': '3150', 'couponPrice': '2500', 'camp': '', 'campId': '', 'keywords': '鳳凰,冰晶鳳凰,艾尼維亞,Anivia,fenghuang,bingjingfenghuang,ainiweiya,anwy,bjfh,fh', 'instance_id': '291d7cbe-9323-4053-bcff-f045daeb00cc'}"
hero,"{'heroId': '35', 'name': '惡魔小丑', 'alias': 'Shaco', 'title': '薩科', 'roles': ['assassin'], 'isWeekFree': '0', 'attack': '8', 'defense': '4', 'magic': '6', 'difficulty': '9', 'selectAudio': 'https://game.gtimg.cn/images/lol/act/img/vo/choose/35.ogg', 'banAudio': 'https://game.gtimg.cn/images/lol/act/img/vo/ban/35.ogg', 'isARAMweekfree': '0', 'ispermanentweekfree': '0', 'changeLabel': '無改動', 'goldPrice': '3150', 'couponPrice': '2000', 'camp': '', 'campId': '', 'keywords': '惡魔小丑,小丑,沙扣,沙口,薩科,xc,emxc,sk,emoxiaochou,xiaochou,sake,Shaco', 'instance_id': 'c0dfe5bf-767c-439f-a489-d88f3f3310a1'}"
hero,"{'heroId': '36', 'name': '祖安狂人', 'alias': 'DrMundo', 'title': '蒙多醫生', 'roles': ['fighter', 'tank'], 'isWeekFree': '0', 'attack': '5', 'defense': '7', 'magic': '6', 'difficulty': '5', 'selectAudio': 'https://game.gtimg.cn/images/lol/act/img/vo/choose/36.ogg', 'banAudio': 'https://game.gtimg.cn/images/lol/act/img/vo/ban/36.ogg', 'isARAMweekfree': '0', 'ispermanentweekfree': '0', 'changeLabel': '改動英雄', 'goldPrice': '450', 'couponPrice': '1000', 'camp': '', 'campId': '', 'keywords': '祖安狂人,蒙多醫生,蒙多,DrMundo,zuankuangren,mengduoyisheng,mengduo,md,mdys,zakr', 'instance_id': 'a5222e88-fdba-4f45-86f4-173b479a0870'}"
hero,"{'heroId': '37', 'name': '琴瑟仙女', 'alias': 'Sona', 'title': '娑娜', 'roles': ['support', 'mage'], 'isWeekFree': '0', 'attack': '5', 'defense': '2', 'magic': '8', 'difficulty': '4', 'selectAudio': 'https://game.gtimg.cn/images/lol/act/img/vo/choose/37.ogg', 'banAudio': 'https://game.gtimg.cn/images/lol/act/img/vo/ban/37.ogg', 'isARAMweekfree': '0', 'ispermanentweekfree': '0', 'changeLabel': '無改動', 'goldPrice': '450', 'couponPrice': '1000', 'camp': '', 'campId': '', 'keywords': '琴瑟仙女,琴女,娑娜,sn,qn,qsxn,Sona,qinsexiannv,qinnv,suona', 'instance_id': '224be767-810f-4abe-8fce-746facdab943'}"
hero,"{'heroId': '38', 'name': '虛空行者', 'alias': 'Kassadin', 'title': '卡薩丁', 'roles': ['assassin', 'mage'], 'isWeekFree': '0', 'attack': '3', 'defense': '5', 'magic': '8', 'difficulty': '8', 'selectAudio': 'https://game.gtimg.cn/images/lol/act/img/vo/choose/38.ogg', 'banAudio': 'https://game.gtimg.cn/images/lol/act/img/vo/ban/38.ogg', 'isARAMweekfree': '0', 'ispermanentweekfree': '0', 'changeLabel': '改動英雄', 'goldPrice': '3150', 'couponPrice': '2500', 'camp': '', 'campId': '', 'keywords': '虛空行者,卡薩丁,ksd,xkxz,Kassadin,xukongxingzhe,kasading', 'instance_id': '8c78f2a3-180e-497c-b5c2-f2c286d828c0'}"
hero,"{'heroId': '39', 'name': '刀鋒舞者', 'alias': 'Irelia', 'title': '艾瑞莉婭', 'roles': ['fighter', 'assassin'], 'isWeekFree': '0', 'attack': '7', 'defense': '4', 'magic': '5', 'difficulty': '5', 'selectAudio': 'https://game.gtimg.cn/images/lol/act/img/vo/choose/39.ogg', 'banAudio': 'https://game.gtimg.cn/images/lol/act/img/vo/ban/39.ogg', 'isARAMweekfree': '0', 'ispermanentweekfree': '0', 'changeLabel': '無改動', 'goldPrice': '3150', 'couponPrice': '2500', 'camp': '', 'campId': '', 'keywords': '刀鋒舞者,艾瑞莉婭,女刀,女刀鋒,Irelia,nd,ndf,dfwz,arly,daofengwuzhe,airuiliya,nvdao,nvdaofeng', 'instance_id': 'deffb7bb-c3b8-4e88-bdac-4a0bfa84cc52'}"
hero,"{'heroId': '40', 'name': '風暴之怒', 'alias': 'Janna', 'title': '迦娜', 'roles': ['support', 'mage'], 'isWeekFree': '0', 'attack': '3', 'defense': '5', 'magic': '7', 'difficulty': '7', 'selectAudio': 'https://game.gtimg.cn/images/lol/act/img/vo/choose/40.ogg', 'banAudio': 'https://game.gtimg.cn/images/lol/act/img/vo/ban/40.ogg', 'isARAMweekfree': '0', 'ispermanentweekfree': '0', 'changeLabel': '改動英雄', 'goldPrice': '1350', 'couponPrice': '2000', 'camp': '', 'campId': '', 'keywords': '風暴之怒,迦娜,風女,fn,jn,fbzn,Janna,fengbaozhinu,jiana,fengnv', 'instance_id': 'a8075bb3-f6b8-4eb5-8d7c-47f4e107ce06'}"
hero,"{'heroId': '41', 'name': '海洋之災', 'alias': 'Gangplank', 'title': '普朗克', 'roles': ['fighter'], 'isWeekFree': '0', 'attack': '7', 'defense': '6', 'magic': '4', 'difficulty': '9', 'selectAudio': 'https://game.gtimg.cn/images/lol/act/img/vo/choose/41.ogg', 'banAudio': 'https://game.gtimg.cn/images/lol/act/img/vo/ban/41.ogg', 'isARAMweekfree': '0', 'ispermanentweekfree': '0', 'changeLabel': '改動英雄', 'goldPrice': '3150', 'couponPrice': '2500', 'camp': '', 'campId': '', 'keywords': '海洋之災,普朗克,船長,plk,cz,hyzz,Gangplank,haiyangzhizai,pulangke,chuanzhang', 'instance_id': '338fd36d-e4b2-4c6f-8cc4-99d194165e20'}"
hero,"{'heroId': '42', 'name': '英勇投彈手', 'alias': 'Corki', 'title': '庫奇', 'roles': ['marksman'], 'isWeekFree': '0', 'attack': '8', 'defense': '3', 'magic': '6', 'difficulty': '6', 'selectAudio': 'https://game.gtimg.cn/images/lol/act/img/vo/choose/42.ogg', 'banAudio': 'https://game.gtimg.cn/images/lol/act/img/vo/ban/42.ogg', 'isARAMweekfree': '0', 'ispermanentweekfree': '0', 'changeLabel': '無改動', 'goldPrice': '3150', 'couponPrice': '2500', 'camp': '', 'campId': '', 'keywords': '英勇投彈手,庫奇,飛機,Corki,yingyongtoudanshou,kuqi,feiji,fj,kq,yytds', 'instance_id': 'cde5eaf9-4272-474f-a636-00cd0debfeed'}"
hero,"{'heroId': '43', 'name': '天啓者', 'alias': 'Karma', 'title': '卡爾瑪', 'roles': ['mage', 'support'], 'isWeekFree': '0', 'attack': '1', 'defense': '7', 'magic': '8', 'difficulty': '5', 'selectAudio': 'https://game.gtimg.cn/images/lol/act/img/vo/choose/43.ogg', 'banAudio': 'https://game.gtimg.cn/images/lol/act/img/vo/ban/43.ogg', 'isARAMweekfree': '0', 'ispermanentweekfree': '0', 'changeLabel': '無改動', 'goldPrice': '3150', 'couponPrice': '2500', 'camp': '', 'campId': '', 'keywords': '天啓者,卡爾瑪,扇子媽,Karma,szm,kem,tqz,tianqizhe,kaerma,shanzima', 'instance_id': '66932c71-5d11-4a91-a754-04743c9c9f21'}"
hero,"{'heroId': '44', 'name': '瓦洛蘭之盾', 'alias': 'Taric', 'title': '塔裏克', 'roles': ['support', 'fighter'], 'isWeekFree': '0', 'attack': '4', 'defense': '8', 'magic': '5', 'difficulty': '3', 'selectAudio': 'https://game.gtimg.cn/images/lol/act/img/vo/choose/44.ogg', 'banAudio': 'https://game.gtimg.cn/images/lol/act/img/vo/ban/44.ogg', 'isARAMweekfree': '0', 'ispermanentweekfree': '0', 'changeLabel': '無改動', 'goldPrice': '1350', 'couponPrice': '1500', 'camp': '', 'campId': '', 'keywords': '瓦洛蘭之盾,塔裏克,寶石,bs,tlk,wllzd,Taric,waluolanzhidun,talike,baoshi', 'instance_id': '2751254b-28ad-4660-99da-fd03c0bb7bc3'}"
hero,"{'heroId': '45', 'name': '邪惡小法師', 'alias': 'Veigar', 'title': '維迦', 'roles': ['mage'], 'isWeekFree': '0', 'attack': '2', 'defense': '2', 'magic': '10', 'difficulty': '7', 'selectAudio': 'https://game.gtimg.cn/images/lol/act/img/vo/choose/45.ogg', 'banAudio': 'https://game.gtimg.cn/images/lol/act/img/vo/ban/45.ogg', 'isARAMweekfree': '0', 'ispermanentweekfree': '0', 'changeLabel': '改動英雄', 'goldPrice': '1350', 'couponPrice': '2000', 'camp': '', 'campId': '', 'keywords': '邪惡小法師,小法師,維迦,xfs,xexfs,wj,Veigar,xieexiaofashi,xiaofashi,weijia', 'instance_id': '9741e5a4-8902-499d-ba4d-c57dcd8e7005'}"
hero,"{'heroId': '48', 'name': '巨魔之王', 'alias': 'Trundle', 'title': '特朗德爾', 'roles': ['fighter', 'tank'], 'isWeekFree': '0', 'attack': '7', 'defense': '6', 'magic': '2', 'difficulty': '5', 'selectAudio': 'https://game.gtimg.cn/images/lol/act/img/vo/choose/48.ogg', 'banAudio': 'https://game.gtimg.cn/images/lol/act/img/vo/ban/48.ogg', 'isARAMweekfree': '0', 'ispermanentweekfree': '0', 'changeLabel': '無改動', 'goldPrice': '3150', 'couponPrice': '2500', 'camp': '', 'campId': '', 'keywords': '巨魔之王,巨魔,特朗德爾,Trundle,jm,jmzw,tlde,jumozhiwang,jumo,telangdeer', 'instance_id': 'e3cf376a-5d62-4a0e-a319-91cb6f29925a'}"
hero,"{'heroId': '50', 'name': '諾克薩斯統領', 'alias': 'Swain', 'title': '斯維因', 'roles': ['mage', 'fighter'], 'isWeekFree': '0', 'attack': '2', 'defense': '6', 'magic': '9', 'difficulty': '8', 'selectAudio': 'https://game.gtimg.cn/images/lol/act/img/vo/choose/50.ogg', 'banAudio': 'https://game.gtimg.cn/images/lol/act/img/vo/ban/50.ogg', 'isARAMweekfree': '0', 'ispermanentweekfree': '0', 'changeLabel': '改動英雄', 'goldPrice': '3150', 'couponPrice': '2500', 'camp': '', 'campId': '', 'keywords': '諾克薩斯統領,烏鴉,斯維因,swy,wy,nksstl,Swain,nuokesasitongling,wuya,siweiyin', 'instance_id': '5833411f-c754-43ab-8d8b-2ba0595979b0'}"
hero,"{'heroId': '51', 'name': '皮城女警', 'alias': 'Caitlyn', 'title': '凱特琳', 'roles': ['marksman'], 'isWeekFree': '0', 'attack': '8', 'defense': '2', 'magic': '2', 'difficulty': '6', 'selectAudio': 'https://game.gtimg.cn/images/lol/act/img/vo/choose/51.ogg', 'banAudio': 'https://game.gtimg.cn/images/lol/act/img/vo/ban/51.ogg', 'isARAMweekfree': '0', 'ispermanentweekfree': '0', 'changeLabel': '無改動', 'goldPrice': '450', 'couponPrice': '1000', 'camp': '', 'campId': '', 'keywords': '皮城女警,凱特琳,女警,皮城,Caitlyn,pichengnvjing,kaitelin,nvjing,picheng,pc,nj,pcnj,ctl', 'instance_id': 'ecc1177c-672d-4b00-a0e8-b151dfe2f9cb'}"
hero,"{'heroId': '53', 'name': '蒸汽機器人', 'alias': 'Blitzcrank', 'title': '布里茨', 'roles': ['tank', 'fighter', 'support'], 'isWeekFree': '0', 'attack': '4', 'defense': '8', 'magic': '5', 'difficulty': '4', 'selectAudio': 'https://game.gtimg.cn/images/lol/act/img/vo/choose/53.ogg', 'banAudio': 'https://game.gtimg.cn/images/lol/act/img/vo/ban/53.ogg', 'isARAMweekfree': '0', 'ispermanentweekfree': '0', 'changeLabel': '無改動', 'goldPrice': '1350', 'couponPrice': '2000', 'camp': '', 'campId': '', 'keywords': '蒸汽機器人,布里茨,機器人,Blitzcrank,zhengqijiqiren,bulici,jiqiren,zqjqr,jqr,blc', 'instance_id': '9d88f7e9-a881-4c57-ad17-77b991d935b7'}"
hero,"{'heroId': '54', 'name': '熔岩巨獸', 'alias': 'Malphite', 'title': '墨菲特', 'roles': ['tank', 'fighter'], 'isWeekFree': '0', 'attack': '5', 'defense': '9', 'magic': '7', 'difficulty': '2', 'selectAudio': 'https://game.gtimg.cn/images/lol/act/img/vo/choose/54.ogg', 'banAudio': 'https://game.gtimg.cn/images/lol/act/img/vo/ban/54.ogg', 'isARAMweekfree': '0', 'ispermanentweekfree': '0', 'changeLabel': '改動英雄', 'goldPrice': '450', 'couponPrice': '1000', 'camp': '', 'campId': '', 'keywords': '熔岩巨獸,墨菲特,石頭人,Malphite,str,mft,ryjs,rongyanjushou,mofeite,shitouren', 'instance_id': '5e610cf0-8c94-4446-ab25-162cc416d68f'}"
hero,"{'heroId': '55', 'name': '不祥之刃', 'alias': 'Katarina', 'title': '卡特琳娜', 'roles': ['assassin', 'mage'], 'isWeekFree': '0', 'attack': '4', 'defense': '3', 'magic': '9', 'difficulty': '8', 'selectAudio': 'https://game.gtimg.cn/images/lol/act/img/vo/choose/55.ogg', 'banAudio': 'https://game.gtimg.cn/images/lol/act/img/vo/ban/55.ogg', 'isARAMweekfree': '0', 'ispermanentweekfree': '0', 'changeLabel': '改動英雄', 'goldPrice': '3150', 'couponPrice': '2500', 'camp': '', 'campId': '', 'keywords': '不祥之刃,卡特琳娜,卡特,kt,ktln,bxzr,不詳,bx,Katarina,buxiangzhiren,katelinna,kate,buxiang', 'instance_id': 'c8593056-cdec-428b-b196-59d9ada7e3c7'}"
hero,"{'heroId': '56', 'name': '永恆夢魘', 'alias': 'Nocturne', 'title': '魔騰', 'roles': ['assassin', 'fighter'], 'isWeekFree': '0', 'attack': '9', 'defense': '5', 'magic': '2', 'difficulty': '4', 'selectAudio': 'https://game.gtimg.cn/images/lol/act/img/vo/choose/56.ogg', 'banAudio': 'https://game.gtimg.cn/images/lol/act/img/vo/ban/56.ogg', 'isARAMweekfree': '0', 'ispermanentweekfree': '0', 'changeLabel': '無改動', 'goldPrice': '4800', 'couponPrice': '3000', 'camp': '', 'campId': '', 'keywords': '永恆夢魘,魔騰,noc,Nocturne,夢魘,my,yhmy,mt,yonghengmengyan,moteng,mengyan', 'instance_id': '3795a4c7-9400-4719-a493-598b6315b006'}"
hero,"{'heroId': '57', 'name': '扭曲樹精', 'alias': 'Maokai', 'title': '茂凱', 'roles': ['tank', 'mage'], 'isWeekFree': '0', 'attack': '3', 'defense': '8', 'magic': '6', 'difficulty': '3', 'selectAudio': 'https://game.gtimg.cn/images/lol/act/img/vo/choose/57.ogg', 'banAudio': 'https://game.gtimg.cn/images/lol/act/img/vo/ban/57.ogg', 'isARAMweekfree': '0', 'ispermanentweekfree': '0', 'changeLabel': '改動英雄', 'goldPrice': '4800', 'couponPrice': '2500', 'camp': '', 'campId': '', 'keywords': '扭曲樹精,茂凱,大樹,ds,mk,nqsj,Maokai,niuqushujing,maokai,dashu', 'instance_id': '6360f430-051d-4af4-adc2-99605279e689'}"
hero,"{'heroId': '58', 'name': '荒漠屠夫', 'alias': 'Renekton', 'title': '雷克頓', 'roles': ['fighter', 'tank'], 'isWeekFree': '0', 'attack': '8', 'defense': '5', 'magic': '2', 'difficulty': '3', 'selectAudio': 'https://game.gtimg.cn/images/lol/act/img/vo/choose/58.ogg', 'banAudio': 'https://game.gtimg.cn/images/lol/act/img/vo/ban/58.ogg', 'isARAMweekfree': '0', 'ispermanentweekfree': '0', 'changeLabel': '無改動', 'goldPrice': '4800', 'couponPrice': '3000', 'camp': '', 'campId': '', 'keywords': '荒漠屠夫,鱷魚,雷克頓,ey,lkd,mmtf,huangmotufu,eyu,leikedun', 'instance_id': '7963af57-7fdc-480d-b251-fe92592a63d1'}"
hero,"{'heroId': '59', 'name': '德瑪西亞皇子', 'alias': 'JarvanIV', 'title': '嘉文四世', 'roles': ['tank', 'fighter'], 'isWeekFree': '0', 'attack': '6', 'defense': '8', 'magic': '3', 'difficulty': '5', 'selectAudio': 'https://game.gtimg.cn/images/lol/act/img/vo/choose/59.ogg', 'banAudio': 'https://game.gtimg.cn/images/lol/act/img/vo/ban/59.ogg', 'isARAMweekfree': '0', 'ispermanentweekfree': '0', 'changeLabel': '改動英雄', 'goldPrice': '3150', 'couponPrice': '2500', 'camp': '', 'campId': '', 'keywords': '德瑪西亞皇子,嘉文四世,皇子,嘉文,JarvanIV,jw,hz,dmxyhz,jwss,demaxiyahuangzi,jiawensishi,huangzi,jiawen', 'instance_id': '88432534-0298-4cbc-8f0a-94d84b6efefd'}"
hero,"{'heroId': '60', 'name': '蜘蛛女皇', 'alias': 'Elise', 'title': '伊莉絲', 'roles': ['mage', 'fighter'], 'isWeekFree': '0', 'attack': '6', 'defense': '5', 'magic': '7', 'difficulty': '9', 'selectAudio': 'https://game.gtimg.cn/images/lol/act/img/vo/choose/60.ogg', 'banAudio': 'https://game.gtimg.cn/images/lol/act/img/vo/ban/60.ogg', 'isARAMweekfree': '0', 'ispermanentweekfree': '0', 'changeLabel': '改動英雄', 'goldPrice': '4800', 'couponPrice': '3000', 'camp': '', 'campId': '', 'keywords': '蜘蛛女皇,伊莉絲,蜘蛛,Elise,zz,zznh,yls,zhizhunvhuang,yilisi,zhizhu', 'instance_id': '1ac11ae0-82b0-4911-8f9f-742bfec302d0'}"
hero,"{'heroId': '61', 'name': '發條魔靈', 'alias': 'Orianna', 'title': '奧莉安娜', 'roles': ['mage', 'support'], 'isWeekFree': '0', 'attack': '4', 'defense': '3', 'magic': '9', 'difficulty': '7', 'selectAudio': 'https://game.gtimg.cn/images/lol/act/img/vo/choose/61.ogg', 'banAudio': 'https://game.gtimg.cn/images/lol/act/img/vo/ban/61.ogg', 'isARAMweekfree': '0', 'ispermanentweekfree': '0', 'changeLabel': '無改動', 'goldPrice': '6300', 'couponPrice': '3000', 'camp': '', 'campId': '', 'keywords': '發條魔靈,奧莉安娜,發條,Orianna,ftml,ft,alan,fatiaomoling,aolianna,fatiao', 'instance_id': 'c483bd83-560c-4d9f-8fb4-7a637ffdc100'}"
hero,"{'heroId': '62', 'name': '齊天大聖', 'alias': 'MonkeyKing', 'title': '孫悟空', 'roles': ['fighter', 'tank'], 'isWeekFree': '0', 'attack': '8', 'defense': '5', 'magic': '2', 'difficulty': '3', 'selectAudio': 'https://game.gtimg.cn/images/lol/act/img/vo/choose/62.ogg', 'banAudio': 'https://game.gtimg.cn/images/lol/act/img/vo/ban/62.ogg', 'isARAMweekfree': '0', 'ispermanentweekfree': '0', 'changeLabel': '改動英雄', 'goldPrice': '3150', 'couponPrice': '2500', 'camp': '', 'campId': '', 'keywords': '齊天大聖,孫悟空,MonkeyKing,猴子,hz,qtds,swk,qitiandasheng,sunwukong,houzi', 'instance_id': 'fdb8b34a-6480-4af7-b81d-300fc22131ea'}"
hero,"{'heroId': '63', 'name': '復仇焰魂', 'alias': 'Brand', 'title': '布蘭德', 'roles': ['mage'], 'isWeekFree': '0', 'attack': '2', 'defense': '2', 'magic': '9', 'difficulty': '4', 'selectAudio': 'https://game.gtimg.cn/images/lol/act/img/vo/choose/63.ogg', 'banAudio': 'https://game.gtimg.cn/images/lol/act/img/vo/ban/63.ogg', 'isARAMweekfree': '0', 'ispermanentweekfree': '0', 'changeLabel': '無改動', 'goldPrice': '450', 'couponPrice': '1000', 'camp': '', 'campId': '', 'keywords': '復仇焰魂,布蘭德,火男,Brand,fuchouyanhun,bulande,huonan,cfyh,bld,hn', 'instance_id': '03123254-71ad-40c3-a8b6-c3370a4c13d4'}"
hero,"{'heroId': '64', 'name': '盲僧', 'alias': 'LeeSin', 'title': '李青', 'roles': ['fighter', 'assassin'], 'isWeekFree': '0', 'attack': '8', 'defense': '5', 'magic': '3', 'difficulty': '6', 'selectAudio': 'https://game.gtimg.cn/images/lol/act/img/vo/choose/64.ogg', 'banAudio': 'https://game.gtimg.cn/images/lol/act/img/vo/ban/64.ogg', 'isARAMweekfree': '0', 'ispermanentweekfree': '0', 'changeLabel': '改動英雄', 'goldPrice': '1350', 'couponPrice': '2000', 'camp': '', 'campId': '', 'keywords': '盲僧,瞎子,李青,lq,xz,ms,LeeSin,mangseng,xiazi,liqing', 'instance_id': '58166fc6-1571-47e1-884f-680ef6e7488e'}"
hero,"{'heroId': '67', 'name': '暗夜獵手', 'alias': 'Vayne', 'title': '薇恩', 'roles': ['marksman', 'assassin'], 'isWeekFree': '0', 'attack': '10', 'defense': '1', 'magic': '1', 'difficulty': '8', 'selectAudio': 'https://game.gtimg.cn/images/lol/act/img/vo/choose/67.ogg', 'banAudio': 'https://game.gtimg.cn/images/lol/act/img/vo/ban/67.ogg', 'isARAMweekfree': '0', 'ispermanentweekfree': '0', 'changeLabel': '改動英雄', 'goldPrice': '3150', 'couponPrice': '2500', 'camp': '', 'campId': '', 'keywords': '暗夜獵手,薇恩,vn,Vayne,ve,ayls,anyelieshou,weien', 'instance_id': 'de694962-59df-40a2-b4a1-8f23a22ec4e2'}"
hero,"{'heroId': '68', 'name': '機械公敵', 'alias': 'Rumble', 'title': '蘭博', 'roles': ['fighter', 'mage'], 'isWeekFree': '0', 'attack': '3', 'defense': '6', 'magic': '8', 'difficulty': '10', 'selectAudio': 'https://game.gtimg.cn/images/lol/act/img/vo/choose/68.ogg', 'banAudio': 'https://game.gtimg.cn/images/lol/act/img/vo/ban/68.ogg', 'isARAMweekfree': '0', 'ispermanentweekfree': '0', 'changeLabel': '改動英雄', 'goldPrice': '4800', 'couponPrice': '2500', 'camp': '', 'campId': '', 'keywords': '機械公敵,蘭博,Rumble,lb,jxgd,jixiegongdi,lanbo', 'instance_id': 'faba28b1-2a4a-4579-91d2-a6d963eed8c3'}"
hero,"{'heroId': '69', 'name': '魔蛇之擁', 'alias': 'Cassiopeia', 'title': '卡西奧佩婭', 'roles': ['mage'], 'isWeekFree': '0', 'attack': '2', 'defense': '3', 'magic': '9', 'difficulty': '10', 'selectAudio': 'https://game.gtimg.cn/images/lol/act/img/vo/choose/69.ogg', 'banAudio': 'https://game.gtimg.cn/images/lol/act/img/vo/ban/69.ogg', 'isARAMweekfree': '0', 'ispermanentweekfree': '0', 'changeLabel': '無改動', 'goldPrice': '4800', 'couponPrice': '3500', 'camp': '', 'campId': '', 'keywords': '魔蛇之擁,卡西奧佩婭,蛇女,Cassiopeia,moshezhiyong,kaxiaopeiya,shenv,mszy,kxapy,sn', 'instance_id': '6731f6dc-4ad1-4704-aafe-d796372a7a46'}"
hero,"{'heroId': '72', 'name': '水晶先鋒', 'alias': 'Skarner', 'title': '斯卡納', 'roles': ['fighter', 'tank'], 'isWeekFree': '0', 'attack': '7', 'defense': '6', 'magic': '5', 'difficulty': '5', 'selectAudio': 'https://game.gtimg.cn/images/lol/act/img/vo/choose/72.ogg', 'banAudio': 'https://game.gtimg.cn/images/lol/act/img/vo/ban/72.ogg', 'isARAMweekfree': '0', 'ispermanentweekfree': '0', 'changeLabel': '無改動', 'goldPrice': '4800', 'couponPrice': '2500', 'camp': '', 'campId': '', 'keywords': '水晶先鋒,斯卡納,skn,sjxf,蠍子,xz,Skarner,shuijingxianfeng,sikana,xiezi', 'instance_id': '6e1a05d4-1fbc-44b0-9bdb-491991a74f04'}"
hero,"{'heroId': '74', 'name': '大發明家', 'alias': 'Heimerdinger', 'title': '黑默丁格', 'roles': ['mage', 'support'], 'isWeekFree': '0', 'attack': '2', 'defense': '6', 'magic': '8', 'difficulty': '8', 'selectAudio': 'https://game.gtimg.cn/images/lol/act/img/vo/choose/74.ogg', 'banAudio': 'https://game.gtimg.cn/images/lol/act/img/vo/ban/74.ogg', 'isARAMweekfree': '0', 'ispermanentweekfree': '0', 'changeLabel': '無改動', 'goldPrice': '3150', 'couponPrice': '2500', 'camp': '', 'campId': '', 'keywords': '大發明家,黑默丁格,大頭,Heimerdinger,dt,dfmj,hmdg,dafamingjia,heimodingge,datou', 'instance_id': '79bf64b1-1ec0-493c-be8c-80dd1ea1cda5'}"
hero,"{'heroId': '75', 'name': '沙漠死神', 'alias': 'Nasus', 'title': '內瑟斯', 'roles': ['fighter', 'tank'], 'isWeekFree': '0', 'attack': '7', 'defense': '5', 'magic': '6', 'difficulty': '6', 'selectAudio': 'https://game.gtimg.cn/images/lol/act/img/vo/choose/75.ogg', 'banAudio': 'https://game.gtimg.cn/images/lol/act/img/vo/ban/75.ogg', 'isARAMweekfree': '0', 'ispermanentweekfree': '0', 'changeLabel': '無改動', 'goldPrice': '1350', 'couponPrice': '2000', 'camp': '', 'campId': '', 'keywords': '沙漠死神,內瑟斯,狗頭,gt,nss,smss,Nasus,shamosishen,neisesi,goutou', 'instance_id': 'ce5e3c57-ce74-44af-9df3-7d7018fad648'}"
hero,"{'heroId': '76', 'name': '狂野女獵手', 'alias': 'Nidalee', 'title': '奈德麗', 'roles': ['assassin', 'mage'], 'isWeekFree': '0', 'attack': '5', 'defense': '4', 'magic': '7', 'difficulty': '8', 'selectAudio': 'https://game.gtimg.cn/images/lol/act/img/vo/choose/76.ogg', 'banAudio': 'https://game.gtimg.cn/images/lol/act/img/vo/ban/76.ogg', 'isARAMweekfree': '0', 'ispermanentweekfree': '0', 'changeLabel': '無改動', 'goldPrice': '3150', 'couponPrice': '2500', 'camp': '', 'campId': '', 'keywords': '狂野女獵手,奈德麗,豹女,bn,ndl,kynls,Nidalee,kuangyenvlieshou,naideli,baonv', 'instance_id': 'a5d1a114-d48b-4e72-b11d-baa4de933bd4'}"
hero,"{'heroId': '77', 'name': '獸靈行者', 'alias': 'Udyr', 'title': '烏迪爾', 'roles': ['fighter', 'tank'], 'isWeekFree': '0', 'attack': '8', 'defense': '7', 'magic': '4', 'difficulty': '7', 'selectAudio': 'https://game.gtimg.cn/images/lol/act/img/vo/choose/77.ogg', 'banAudio': 'https://game.gtimg.cn/images/lol/act/img/vo/ban/77.ogg', 'isARAMweekfree': '0', 'ispermanentweekfree': '0', 'changeLabel': '改動英雄', 'goldPrice': '1350', 'couponPrice': '2000', 'camp': '', 'campId': '', 'keywords': '獸靈行者,烏迪爾,Udyr,wde,slxz,UD,shoulingxingzhe,wudier', 'instance_id': '210171db-fb05-4556-a555-d53f628acd55'}"
hero,"{'heroId': '78', 'name': '聖錘之毅', 'alias': 'Poppy', 'title': '波比', 'roles': ['tank', 'fighter'], 'isWeekFree': '0', 'attack': '6', 'defense': '7', 'magic': '2', 'difficulty': '6', 'selectAudio': 'https://game.gtimg.cn/images/lol/act/img/vo/choose/78.ogg', 'banAudio': 'https://game.gtimg.cn/images/lol/act/img/vo/ban/78.ogg', 'isARAMweekfree': '0', 'ispermanentweekfree': '0', 'changeLabel': '改動英雄', 'goldPrice': '450', 'couponPrice': '1000', 'camp': '', 'campId': '', 'keywords': '聖錘之毅,波比,bb,sczy,Poppy,shengchuizhiyi,bobi', 'instance_id': '0445e49b-5326-43e3-a667-ea4f2f6fb7db'}"
hero,"{'heroId': '79', 'name': '酒桶', 'alias': 'Gragas', 'title': '古拉加斯', 'roles': ['fighter', 'mage'], 'isWeekFree': '0', 'attack': '4', 'defense': '7', 'magic': '6', 'difficulty': '5', 'selectAudio': 'https://game.gtimg.cn/images/lol/act/img/vo/choose/79.ogg', 'banAudio': 'https://game.gtimg.cn/images/lol/act/img/vo/ban/79.ogg', 'isARAMweekfree': '0', 'ispermanentweekfree': '0', 'changeLabel': '無改動', 'goldPrice': '3150', 'couponPrice': '2500', 'camp': '', 'campId': '', 'keywords': '酒桶,古拉加斯,啤酒人,肉蛋蔥雞,Gragas,pjr,jt,gljs,rdcj,jiutong,gulajiasi,pijiuren,roudancongji', 'instance_id': '57955fb3-77c6-4457-a813-bc082f7bd4c6'}"
hero,"{'heroId': '80', 'name': '不屈之槍', 'alias': 'Pantheon', 'title': '潘森', 'roles': ['fighter', 'assassin'], 'isWeekFree': '0', 'attack': '9', 'defense': '4', 'magic': '3', 'difficulty': '4', 'selectAudio': 'https://game.gtimg.cn/images/lol/act/img/vo/choose/80.ogg', 'banAudio': 'https://game.gtimg.cn/images/lol/act/img/vo/ban/80.ogg', 'isARAMweekfree': '0', 'ispermanentweekfree': '0', 'changeLabel': '改動英雄', 'goldPrice': '1350', 'couponPrice': '1500', 'camp': '', 'campId': '', 'keywords': '不屈之槍,潘森,Pantheon,PS,bqzq,buquzhiqiang,pansen', 'instance_id': 'f0e3b553-51d5-4bcd-8a9a-4d7a30e9fa28'}"
hero,"{'heroId': '81', 'name': '探險家', 'alias': 'Ezreal', 'title': '伊澤瑞爾', 'roles': ['marksman', 'mage'], 'isWeekFree': '0', 'attack': '7', 'defense': '2', 'magic': '6', 'difficulty': '7', 'selectAudio': 'https://game.gtimg.cn/images/lol/act/img/vo/choose/81.ogg', 'banAudio': 'https://game.gtimg.cn/images/lol/act/img/vo/ban/81.ogg', 'isARAMweekfree': '0', 'ispermanentweekfree': '0', 'changeLabel': '無改動', 'goldPrice': '1350', 'couponPrice': '2000', 'camp': '', 'campId': '', 'keywords': '探險家,伊澤瑞爾,ez,Ezreal,tanxianjia,yizeruier,txj,yzrr', 'instance_id': 'd6df4a72-bfd6-4c07-96fe-d671f063cbc5'}"
hero,"{'heroId': '82', 'name': '鐵鎧冥魂', 'alias': 'Mordekaiser', 'title': '莫德凱撒', 'roles': ['fighter'], 'isWeekFree': '0', 'attack': '4', 'defense': '6', 'magic': '7', 'difficulty': '4', 'selectAudio': 'https://game.gtimg.cn/images/lol/act/img/vo/choose/82.ogg', 'banAudio': 'https://game.gtimg.cn/images/lol/act/img/vo/ban/82.ogg', 'isARAMweekfree': '0', 'ispermanentweekfree': '0', 'changeLabel': '無改動', 'goldPrice': '1350', 'couponPrice': '1500', 'camp': '', 'campId': '', 'keywords': '鐵鎧冥魂,莫德凱撒,鐵男,Mordekaiser,tn,mdks,tkmh,tiekaiminghun,modekaisa,tienan', 'instance_id': '154e1bd3-e5fa-448b-b947-661c623b4b52'}"
hero,"{'heroId': '83', 'name': '牧魂人', 'alias': 'Yorick', 'title': '約裏克', 'roles': ['fighter', 'tank'], 'isWeekFree': '0', 'attack': '6', 'defense': '6', 'magic': '4', 'difficulty': '6', 'selectAudio': 'https://game.gtimg.cn/images/lol/act/img/vo/choose/83.ogg', 'banAudio': 'https://game.gtimg.cn/images/lol/act/img/vo/ban/83.ogg', 'isARAMweekfree': '0', 'ispermanentweekfree': '0', 'changeLabel': '改動英雄', 'goldPrice': '3150', 'couponPrice': '2500', 'camp': '', 'campId': '', 'keywords': '牧魂人,約裏克,掘墓人,jmr,mhr,ylk,Yorick,muhunren,yuelike,juemuren', 'instance_id': '71f3fd82-1dbb-40ef-8055-a0f2f2b9667f'}"
hero,"{'heroId': '84', 'name': '離羣之刺', 'alias': 'Akali', 'title': '阿卡麗', 'roles': ['assassin'], 'isWeekFree': '0', 'attack': '5', 'defense': '3', 'magic': '8', 'difficulty': '7', 'selectAudio': 'https://game.gtimg.cn/images/lol/act/img/vo/choose/84.ogg', 'banAudio': 'https://game.gtimg.cn/images/lol/act/img/vo/ban/84.ogg', 'isARAMweekfree': '0', 'ispermanentweekfree': '0', 'changeLabel': '無改動', 'goldPrice': '3150', 'couponPrice': '2500', 'camp': '', 'campId': '', 'keywords': '阿卡麗,離羣之刺,akali,liqunzhici,akl,lqzc', 'instance_id': 'edbfe0c9-0c56-4fd7-9050-710eb5f24f87'}"
hero,"{'heroId': '85', 'name': '狂暴之心', 'alias': 'Kennen', 'title': '凱南', 'roles': ['mage', 'marksman'], 'isWeekFree': '0', 'attack': '6', 'defense': '4', 'magic': '7', 'difficulty': '4', 'selectAudio': 'https://game.gtimg.cn/images/lol/act/img/vo/choose/85.ogg', 'banAudio': 'https://game.gtimg.cn/images/lol/act/img/vo/ban/85.ogg', 'isARAMweekfree': '0', 'ispermanentweekfree': '0', 'changeLabel': '改動英雄', 'goldPrice': '4800', 'couponPrice': '2500', 'camp': '', 'campId': '', 'keywords': '狂暴之心,凱南,kn,kbzx,Kennen,kuangbaozhixin,kainan', 'instance_id': '923c264b-07aa-4121-ac0a-fdc5b1156aef'}"
hero,"{'heroId': '86', 'name': '德瑪西亞之力', 'alias': 'Garen', 'title': '蓋倫', 'roles': ['fighter', 'tank'], 'isWeekFree': '0', 'attack': '7', 'defense': '7', 'magic': '1', 'difficulty': '5', 'selectAudio': 'https://game.gtimg.cn/images/lol/act/img/vo/choose/86.ogg', 'banAudio': 'https://game.gtimg.cn/images/lol/act/img/vo/ban/86.ogg', 'isARAMweekfree': '0', 'ispermanentweekfree': '0', 'changeLabel': '無改動', 'goldPrice': '450', 'couponPrice': '1000', 'camp': '', 'campId': '', 'keywords': '德瑪西亞之力,蓋倫,大寶劍,Garen,dbj,gl,dmxyzl,demaxiyazhili,gailun,dabaojian', 'instance_id': '4ce0327d-2689-4ff2-bd5c-c0710a0f94f6'}"
hero,"{'heroId': '89', 'name': '曙光女神', 'alias': 'Leona', 'title': '蕾歐娜', 'roles': ['tank', 'support'], 'isWeekFree': '0', 'attack': '4', 'defense': '8', 'magic': '3', 'difficulty': '4', 'selectAudio': 'https://game.gtimg.cn/images/lol/act/img/vo/choose/89.ogg', 'banAudio': 'https://game.gtimg.cn/images/lol/act/img/vo/ban/89.ogg', 'isARAMweekfree': '0', 'ispermanentweekfree': '0', 'changeLabel': '改動英雄', 'goldPrice': '450', 'couponPrice': '1000', 'camp': '', 'campId': '', 'keywords': '曙光女神,蕾歐娜,日女,曙光,女坦,nt,rn,sg,lon,sgns,shuguangnvshen,leiouna,rinv,shuguang,Leona,nvtan', 'instance_id': '9e39e1f2-33de-4e0e-9b91-4fc1d5a1533d'}"
hero,"{'heroId': '90', 'name': '虛空先知', 'alias': 'Malzahar', 'title': '瑪爾扎哈', 'roles': ['mage', 'assassin'], 'isWeekFree': '0', 'attack': '2', 'defense': '2', 'magic': '9', 'difficulty': '6', 'selectAudio': 'https://game.gtimg.cn/images/lol/act/img/vo/choose/90.ogg', 'banAudio': 'https://game.gtimg.cn/images/lol/act/img/vo/ban/90.ogg', 'isARAMweekfree': '0', 'ispermanentweekfree': '0', 'changeLabel': '無改動', 'goldPrice': '4800', 'couponPrice': '3000', 'camp': '', 'campId': '', 'keywords': '虛空先知,瑪爾扎哈,螞蚱,馬爾扎哈,Malzahar,mz,mezh,xkxz,xukongxianzhi,maerzhaha,mazha,maerzhaha', 'instance_id': '347566b6-52bb-4e89-87da-d954477a1ba9'}"
hero,"{'heroId': '91', 'name': '刀鋒之影', 'alias': 'Talon', 'title': '泰隆', 'roles': ['assassin'], 'isWeekFree': '0', 'attack': '9', 'defense': '3', 'magic': '1', 'difficulty': '7', 'selectAudio': 'https://game.gtimg.cn/images/lol/act/img/vo/choose/91.ogg', 'banAudio': 'https://game.gtimg.cn/images/lol/act/img/vo/ban/91.ogg', 'isARAMweekfree': '0', 'ispermanentweekfree': '0', 'changeLabel': '改動英雄', 'goldPrice': '3150', 'couponPrice': '2500', 'camp': '', 'campId': '', 'keywords': '刀鋒之影,男刀,泰隆,tl,nd,dfzy,Talon,daofengzhiying,nandao,tailong', 'instance_id': 'b6447476-7126-4fa8-b6f3-6d1550801b0a'}"
hero,"{'heroId': '92', 'name': '放逐之刃', 'alias': 'Riven', 'title': '銳雯', 'roles': ['fighter', 'assassin'], 'isWeekFree': '0', 'attack': '8', 'defense': '5', 'magic': '1', 'difficulty': '8', 'selectAudio': 'https://game.gtimg.cn/images/lol/act/img/vo/choose/92.ogg', 'banAudio': 'https://game.gtimg.cn/images/lol/act/img/vo/ban/92.ogg', 'isARAMweekfree': '0', 'ispermanentweekfree': '0', 'changeLabel': '改動英雄', 'goldPrice': '4800', 'couponPrice': '3500', 'camp': '', 'campId': '', 'keywords': '放逐之刃,銳雯,Riven,rw,fzzr,fangzhuzhiren,ruiwen', 'instance_id': '0677b45f-05a1-4286-820e-904397c78cfa'}"
hero,"{'heroId': '96', 'name': '深淵巨口', 'alias': 'KogMaw', 'title': '克格莫', 'roles': ['marksman', 'mage'], 'isWeekFree': '0', 'attack': '8', 'defense': '2', 'magic': '5', 'difficulty': '6', 'selectAudio': 'https://game.gtimg.cn/images/lol/act/img/vo/choose/96.ogg', 'banAudio': 'https://game.gtimg.cn/images/lol/act/img/vo/ban/96.ogg', 'isARAMweekfree': '0', 'ispermanentweekfree': '0', 'changeLabel': '改動英雄', 'goldPrice': '4800', 'couponPrice': '2000', 'camp': '', 'campId': '', 'keywords': '深淵巨口,克格莫,大嘴,KogMaw,dz,kgm,syjk,shenyuanjukou,kegemo,dazui', 'instance_id': 'ffe92c73-6d4c-450a-bf73-3bc0d416bc5c'}"
hero,"{'heroId': '98', 'name': '暮光之眼', 'alias': 'Shen', 'title': '慎', 'roles': ['tank'], 'isWeekFree': '0', 'attack': '3', 'defense': '9', 'magic': '3', 'difficulty': '4', 'selectAudio': 'https://game.gtimg.cn/images/lol/act/img/vo/choose/98.ogg', 'banAudio': 'https://game.gtimg.cn/images/lol/act/img/vo/ban/98.ogg', 'isARAMweekfree': '0', 'ispermanentweekfree': '0', 'changeLabel': '無改動', 'goldPrice': '3150', 'couponPrice': '2000', 'camp': '', 'campId': '', 'keywords': '暮光之眼,慎,yaozi,s,mgzy,Shen,muguangzhiyan,shen', 'instance_id': '4b396940-9d0f-4b67-8c48-b48d13fe5d12'}"
hero,"{'heroId': '99', 'name': '光輝女郎', 'alias': 'Lux', 'title': '拉克絲', 'roles': ['mage', 'support'], 'isWeekFree': '0', 'attack': '2', 'defense': '4', 'magic': '9', 'difficulty': '5', 'selectAudio': 'https://game.gtimg.cn/images/lol/act/img/vo/choose/99.ogg', 'banAudio': 'https://game.gtimg.cn/images/lol/act/img/vo/ban/99.ogg', 'isARAMweekfree': '0', 'ispermanentweekfree': '0', 'changeLabel': '無改動', 'goldPrice': '450', 'couponPrice': '1000', 'camp': '', 'campId': '', 'keywords': '光輝女郎,拉克絲,光輝,lux,lks,gh,ghnl,guanghuinvlang,lakesi,guanghui', 'instance_id': '6b4aecb3-8ca4-4ad8-8085-2e161014d0c3'}"
hero,"{'heroId': '101', 'name': '遠古巫靈', 'alias': 'Xerath', 'title': '澤拉斯', 'roles': ['mage'], 'isWeekFree': '0', 'attack': '1', 'defense': '3', 'magic': '10', 'difficulty': '8', 'selectAudio': 'https://game.gtimg.cn/images/lol/act/img/vo/choose/101.ogg', 'banAudio': 'https://game.gtimg.cn/images/lol/act/img/vo/ban/101.ogg', 'isARAMweekfree': '0', 'ispermanentweekfree': '0', 'changeLabel': '無改動', 'goldPrice': '1350', 'couponPrice': '2000', 'camp': '', 'campId': '', 'keywords': '遠古巫靈,澤拉斯,guancaiban,gbc,zls,ygwl,Xerath,yuanguwuling,zelasi', 'instance_id': '72ed9e0c-570a-4d97-a9ef-15c8b488add7'}"
hero,"{'heroId': '102', 'name': '龍血武姬', 'alias': 'Shyvana', 'title': '希瓦娜', 'roles': ['fighter', 'tank'], 'isWeekFree': '0', 'attack': '8', 'defense': '6', 'magic': '3', 'difficulty': '4', 'selectAudio': 'https://game.gtimg.cn/images/lol/act/img/vo/choose/102.ogg', 'banAudio': 'https://game.gtimg.cn/images/lol/act/img/vo/ban/102.ogg', 'isARAMweekfree': '0', 'ispermanentweekfree': '0', 'changeLabel': '無改動', 'goldPrice': '3150', 'couponPrice': '2500', 'camp': '', 'campId': '', 'keywords': '龍血武姬,龍女,希瓦娜,ln,xwn,lxwj,Shyvana,longxuewuji,longnv,xiwana', 'instance_id': '0b591b96-6840-4c00-a1c6-e087550d903a'}"
hero,"{'heroId': '103', 'name': '九尾妖狐', 'alias': 'Ahri', 'title': '阿狸', 'roles': ['mage', 'assassin'], 'isWeekFree': '0', 'attack': '3', 'defense': '4', 'magic': '8', 'difficulty': '5', 'selectAudio': 'https://game.gtimg.cn/images/lol/act/img/vo/choose/103.ogg', 'banAudio': 'https://game.gtimg.cn/images/lol/act/img/vo/ban/103.ogg', 'isARAMweekfree': '0', 'ispermanentweekfree': '0', 'changeLabel': '無改動', 'goldPrice': '3150', 'couponPrice': '2500', 'camp': '', 'campId': '', 'keywords': '九尾,九尾妖狐,狐狸,阿狸,jiuwei,jiuweiyaohu,huli,ali,ahri,jwyh,al,hl,jw', 'instance_id': '9bb28454-55ae-4cbe-9adb-c0fcd878680d'}"
hero,"{'heroId': '104', 'name': '法外狂徒', 'alias': 'Graves', 'title': '格雷福斯', 'roles': ['marksman'], 'isWeekFree': '0', 'attack': '8', 'defense': '5', 'magic': '3', 'difficulty': '3', 'selectAudio': 'https://game.gtimg.cn/images/lol/act/img/vo/choose/104.ogg', 'banAudio': 'https://game.gtimg.cn/images/lol/act/img/vo/ban/104.ogg', 'isARAMweekfree': '0', 'ispermanentweekfree': '0', 'changeLabel': '改動英雄', 'goldPrice': '4800', 'couponPrice': '3500', 'camp': '', 'campId': '', 'keywords': '法外狂徒,格雷福斯,男槍,Graves,nq,glfs,fwkt,fawaikuangtu,geleifusi,nanqiang', 'instance_id': 'c71689e5-7fb3-4e77-b5de-83451d26beb5'}"
hero,"{'heroId': '105', 'name': '潮汐海靈', 'alias': 'Fizz', 'title': '菲茲', 'roles': ['assassin', 'fighter'], 'isWeekFree': '0', 'attack': '6', 'defense': '4', 'magic': '7', 'difficulty': '6', 'selectAudio': 'https://game.gtimg.cn/images/lol/act/img/vo/choose/105.ogg', 'banAudio': 'https://game.gtimg.cn/images/lol/act/img/vo/ban/105.ogg', 'isARAMweekfree': '0', 'ispermanentweekfree': '0', 'changeLabel': '改動英雄', 'goldPrice': '1350', 'couponPrice': '2000', 'camp': '', 'campId': '', 'keywords': '潮汐海靈,菲茲,小魚人,Fizz,fz,xyr,cxhl,chaoxihailing,feizi,xiaoyuren', 'instance_id': '4decefc7-5a59-42e1-a0e1-55bec5d33bfb'}"
hero,"{'heroId': '106', 'name': '不滅狂雷', 'alias': 'Volibear', 'title': '沃利貝爾', 'roles': ['fighter', 'tank'], 'isWeekFree': '0', 'attack': '7', 'defense': '7', 'magic': '4', 'difficulty': '3', 'selectAudio': 'https://game.gtimg.cn/images/lol/act/img/vo/choose/106.ogg', 'banAudio': 'https://game.gtimg.cn/images/lol/act/img/vo/ban/106.ogg', 'isARAMweekfree': '0', 'ispermanentweekfree': '0', 'changeLabel': '改動英雄', 'goldPrice': '1350', 'couponPrice': '2000', 'camp': '', 'campId': '', 'keywords': '不滅狂雷,沃利貝爾,Volibear,狗熊,gx,wlbe,bmkl,bumiekuanglei,wolibeier,gouxiong', 'instance_id': '5abeea1b-2e1e-4753-8b38-f1d96624a42d'}"
hero,"{'heroId': '107', 'name': '傲之追獵者', 'alias': 'Rengar', 'title': '雷恩加爾', 'roles': ['assassin', 'fighter'], 'isWeekFree': '0', 'attack': '7', 'defense': '4', 'magic': '2', 'difficulty': '8', 'selectAudio': 'https://game.gtimg.cn/images/lol/act/img/vo/choose/107.ogg', 'banAudio': 'https://game.gtimg.cn/images/lol/act/img/vo/ban/107.ogg', 'isARAMweekfree': '0', 'ispermanentweekfree': '0', 'changeLabel': '無改動', 'goldPrice': '4800', 'couponPrice': '3500', 'camp': '', 'campId': '', 'keywords': '傲之追獵者,獅子狗,雷恩加爾,szg,leje,azzlz,Rengar,aozhizhuiliezhe,shizigou,leienjiaer', 'instance_id': 'a679dc16-aaae-4aa7-9b65-ab2d6c285c78'}"
hero,"{'heroId': '110', 'name': '懲戒之箭', 'alias': 'Varus', 'title': '韋魯斯', 'roles': ['marksman', 'mage'], 'isWeekFree': '0', 'attack': '7', 'defense': '3', 'magic': '4', 'difficulty': '2', 'selectAudio': 'https://game.gtimg.cn/images/lol/act/img/vo/choose/110.ogg', 'banAudio': 'https://game.gtimg.cn/images/lol/act/img/vo/ban/110.ogg', 'isARAMweekfree': '0', 'ispermanentweekfree': '0', 'changeLabel': '無改動', 'goldPrice': '4800', 'couponPrice': '3500', 'camp': '', 'campId': '', 'keywords': '懲戒之箭,韋魯斯,維魯斯,wls,cjzj,Varus,chengjiezhijian,weilusi', 'instance_id': 'ece59264-746f-47d3-852f-869bc7e9bef1'}"
hero,"{'heroId': '111', 'name': '深海泰坦', 'alias': 'Nautilus', 'title': '諾提勒斯', 'roles': ['tank', 'support'], 'isWeekFree': '0', 'attack': '4', 'defense': '6', 'magic': '6', 'difficulty': '6', 'selectAudio': 'https://game.gtimg.cn/images/lol/act/img/vo/choose/111.ogg', 'banAudio': 'https://game.gtimg.cn/images/lol/act/img/vo/ban/111.ogg', 'isARAMweekfree': '0', 'ispermanentweekfree': '0', 'changeLabel': '改動英雄', 'goldPrice': '4800', 'couponPrice': '2500', 'camp': '', 'campId': '', 'keywords': '深海泰坦,諾提勒斯,泰坦,Nautilus,tt,ntls,shtt,shenhaitaitan,nuotileisi,taitan', 'instance_id': 'f11b0404-5847-4066-980b-bb02cc24cddd'}"
hero,"{'heroId': '112', 'name': '機械先驅', 'alias': 'Viktor', 'title': '維克托', 'roles': ['mage'], 'isWeekFree': '0', 'attack': '2', 'defense': '4', 'magic': '10', 'difficulty': '9', 'selectAudio': 'https://game.gtimg.cn/images/lol/act/img/vo/choose/112.ogg', 'banAudio': 'https://game.gtimg.cn/images/lol/act/img/vo/ban/112.ogg', 'isARAMweekfree': '0', 'ispermanentweekfree': '0', 'changeLabel': '無改動', 'goldPrice': '3150', 'couponPrice': '2500', 'camp': '', 'campId': '', 'keywords': '機械先驅,維克托,三隻手,szs,wkt,jxxq,Viktor,jixiexianqu,weiketuo,sanzhishou', 'instance_id': 'ebad70bd-37e4-4c0b-80a3-fd2f7f12445b'}"
hero,"{'heroId': '113', 'name': '北地之怒', 'alias': 'Sejuani', 'title': '瑟莊妮', 'roles': ['tank', 'fighter'], 'isWeekFree': '0', 'attack': '5', 'defense': '7', 'magic': '6', 'difficulty': '4', 'selectAudio': 'https://game.gtimg.cn/images/lol/act/img/vo/choose/113.ogg', 'banAudio': 'https://game.gtimg.cn/images/lol/act/img/vo/ban/113.ogg', 'isARAMweekfree': '0', 'ispermanentweekfree': '0', 'changeLabel': '改動英雄', 'goldPrice': '450', 'couponPrice': '1000', 'camp': '', 'campId': '', 'keywords': '北地之怒,豬妹,瑟莊妮,zm,szn,bdzn,Sejuani,beidizhinu,zhumei,sezhuangni', 'instance_id': 'e469b406-d7ee-4c7a-b4cb-cfe5571731f9'}"
hero,"{'heroId': '114', 'name': '無雙劍姬', 'alias': 'Fiora', 'title': '菲奧娜', 'roles': ['fighter', 'assassin'], 'isWeekFree': '0', 'attack': '10', 'defense': '4', 'magic': '2', 'difficulty': '3', 'selectAudio': 'https://game.gtimg.cn/images/lol/act/img/vo/choose/114.ogg', 'banAudio': 'https://game.gtimg.cn/images/lol/act/img/vo/ban/114.ogg', 'isARAMweekfree': '0', 'ispermanentweekfree': '0', 'changeLabel': '無改動', 'goldPrice': '4800', 'couponPrice': '3500', 'camp': '', 'campId': '', 'keywords': '無雙劍姬,菲奧娜,劍姬,Fiora,jj,wsjj,fan,wushuangjianji,feiaona,jianji', 'instance_id': '8a55878a-be01-466a-a39a-b72fe3c1ace4'}"
hero,"{'heroId': '115', 'name': '爆破鬼才', 'alias': 'Ziggs', 'title': '吉格斯', 'roles': ['mage'], 'isWeekFree': '0', 'attack': '2', 'defense': '4', 'magic': '9', 'difficulty': '4', 'selectAudio': 'https://game.gtimg.cn/images/lol/act/img/vo/choose/115.ogg', 'banAudio': 'https://game.gtimg.cn/images/lol/act/img/vo/ban/115.ogg', 'isARAMweekfree': '0', 'ispermanentweekfree': '0', 'changeLabel': '無改動', 'goldPrice': '4800', 'couponPrice': '3500', 'camp': '', 'campId': '', 'keywords': '爆破鬼才,炸彈人,吉格斯,Ziggs,jgs,zdr,bpgc,baopoguicai,zhadanren,jigesi', 'instance_id': '0b451158-eaaa-4e2c-8bd9-48bb29e2a60e'}"
hero,"{'heroId': '117', 'name': '仙靈女巫', 'alias': 'Lulu', 'title': '璐璐', 'roles': ['support', 'mage'], 'isWeekFree': '0', 'attack': '4', 'defense': '5', 'magic': '7', 'difficulty': '5', 'selectAudio': 'https://game.gtimg.cn/images/lol/act/img/vo/choose/117.ogg', 'banAudio': 'https://game.gtimg.cn/images/lol/act/img/vo/ban/117.ogg', 'isARAMweekfree': '0', 'ispermanentweekfree': '0', 'changeLabel': '無改動', 'goldPrice': '4800', 'couponPrice': '3500', 'camp': '', 'campId': '', 'keywords': '仙靈女巫,璐璐,ll,xlnw,Lulu,xianlingnvwu,lulu', 'instance_id': '84aa3898-f8fb-408f-88be-d2fb0ea5f7b3'}"
hero,"{'heroId': '119', 'name': '榮耀行刑官', 'alias': 'Draven', 'title': '德萊文', 'roles': ['marksman'], 'isWeekFree': '0', 'attack': '9', 'defense': '3', 'magic': '1', 'difficulty': '8', 'selectAudio': 'https://game.gtimg.cn/images/lol/act/img/vo/choose/119.ogg', 'banAudio': 'https://game.gtimg.cn/images/lol/act/img/vo/ban/119.ogg', 'isARAMweekfree': '0', 'ispermanentweekfree': '0', 'changeLabel': '無改動', 'goldPrice': '4800', 'couponPrice': '3500', 'camp': '', 'campId': '', 'keywords': '榮耀行刑官,德萊文,Draven,rongyaoxingxingguan,delaiwen,ryxxg,dlw', 'instance_id': 'f58e8c85-9100-4cb7-abab-2635f9d4a787'}"
hero,"{'heroId': '120', 'name': '戰爭之影', 'alias': 'Hecarim', 'title': '赫卡里姆', 'roles': ['fighter', 'tank'], 'isWeekFree': '0', 'attack': '8', 'defense': '6', 'magic': '4', 'difficulty': '6', 'selectAudio': 'https://game.gtimg.cn/images/lol/act/img/vo/choose/120.ogg', 'banAudio': 'https://game.gtimg.cn/images/lol/act/img/vo/ban/120.ogg', 'isARAMweekfree': '0', 'ispermanentweekfree': '0', 'changeLabel': '無改動', 'goldPrice': '4800', 'couponPrice': '3500', 'camp': '', 'campId': '', 'keywords': '戰爭之影,赫卡里姆,人馬,Hecarim,rm,zzzy,hlkm,zhanzhengzhiying,hekalimu,renma', 'instance_id': 'fb19ce54-e50a-42f5-919b-79d1700f4f31'}"
hero,"{'heroId': '121', 'name': '虛空掠奪者', 'alias': 'Khazix', 'title': '卡茲克', 'roles': ['assassin'], 'isWeekFree': '0', 'attack': '9', 'defense': '4', 'magic': '3', 'difficulty': '6', 'selectAudio': 'https://game.gtimg.cn/images/lol/act/img/vo/choose/121.ogg', 'banAudio': 'https://game.gtimg.cn/images/lol/act/img/vo/ban/121.ogg', 'isARAMweekfree': '0', 'ispermanentweekfree': '0', 'changeLabel': '改動英雄', 'goldPrice': '4800', 'couponPrice': '3500', 'camp': '', 'campId': '', 'keywords': '虛空掠奪者,螳螂,卡茲克,kzk,tl,xkldz,Khazix,xukonglueduozhe,tanglang,kazike', 'instance_id': 'c7c9f5bd-1ad9-4f83-9671-692a1932dd9b'}"
hero,"{'heroId': '122', 'name': '諾克薩斯之手', 'alias': 'Darius', 'title': '德萊厄斯', 'roles': ['fighter', 'tank'], 'isWeekFree': '0', 'attack': '9', 'defense': '5', 'magic': '1', 'difficulty': '2', 'selectAudio': 'https://game.gtimg.cn/images/lol/act/img/vo/choose/122.ogg', 'banAudio': 'https://game.gtimg.cn/images/lol/act/img/vo/ban/122.ogg', 'isARAMweekfree': '0', 'ispermanentweekfree': '0', 'changeLabel': '無改動', 'goldPrice': '450', 'couponPrice': '1000', 'camp': '', 'campId': '', 'keywords': '諾克薩斯之手,德萊厄斯,諾手,Darius,nuokesasizhishou,delaiesi,nuoshou,nksszs,ns,dles', 'instance_id': '9571230c-3d21-4e57-aed5-1e8897e4e1a7'}"
hero,"{'heroId': '126', 'name': '未來守護者', 'alias': 'Jayce', 'title': '傑斯', 'roles': ['fighter', 'marksman'], 'isWeekFree': '0', 'attack': '8', 'defense': '4', 'magic': '3', 'difficulty': '7', 'selectAudio': 'https://game.gtimg.cn/images/lol/act/img/vo/choose/126.ogg', 'banAudio': 'https://game.gtimg.cn/images/lol/act/img/vo/ban/126.ogg', 'isARAMweekfree': '0', 'ispermanentweekfree': '0', 'changeLabel': '無改動', 'goldPrice': '4800', 'couponPrice': '3500', 'camp': '', 'campId': '', 'keywords': '未來守護者,傑斯,Jayce,js,wlshz,weilaishouhuzhe,jiesi', 'instance_id': '37bdbc12-9ccd-4e96-a07c-0e95160ad05f'}"
hero,"{'heroId': '127', 'name': '冰霜女巫', 'alias': 'Lissandra', 'title': '麗桑卓', 'roles': ['mage'], 'isWeekFree': '0', 'attack': '2', 'defense': '5', 'magic': '8', 'difficulty': '6', 'selectAudio': 'https://game.gtimg.cn/images/lol/act/img/vo/choose/127.ogg', 'banAudio': 'https://game.gtimg.cn/images/lol/act/img/vo/ban/127.ogg', 'isARAMweekfree': '0', 'ispermanentweekfree': '0', 'changeLabel': '無改動', 'goldPrice': '6300', 'couponPrice': '3000', 'camp': '', 'campId': '', 'keywords': '冰霜女巫,冰女,麗桑卓,Lissandra,bn,lsz,bsnw,bingshuangnvwu,bingnv,lisangzhuo', 'instance_id': 'd66b879a-d9e0-4248-b18b-00cce9817718'}"
hero,"{'heroId': '131', 'name': '皎月女神', 'alias': 'Diana', 'title': '黛安娜', 'roles': ['fighter', 'mage'], 'isWeekFree': '0', 'attack': '7', 'defense': '6', 'magic': '8', 'difficulty': '4', 'selectAudio': 'https://game.gtimg.cn/images/lol/act/img/vo/choose/131.ogg', 'banAudio': 'https://game.gtimg.cn/images/lol/act/img/vo/ban/131.ogg', 'isARAMweekfree': '0', 'ispermanentweekfree': '0', 'changeLabel': '無改動', 'goldPrice': '450', 'couponPrice': '1000', 'camp': '', 'campId': '', 'keywords': '皎月女神,黛安娜,皎月,Diana,jiaoyuenvshen,daianna,jiaoyue,jy,dan,jyns', 'instance_id': '39fd48d9-3895-4b2f-858b-02b5243c788c'}"
hero,"{'heroId': '133', 'name': '德瑪西亞之翼', 'alias': 'Quinn', 'title': '奎因', 'roles': ['marksman', 'assassin'], 'isWeekFree': '0', 'attack': '9', 'defense': '4', 'magic': '2', 'difficulty': '5', 'selectAudio': 'https://game.gtimg.cn/images/lol/act/img/vo/choose/133.ogg', 'banAudio': 'https://game.gtimg.cn/images/lol/act/img/vo/ban/133.ogg', 'isARAMweekfree': '0', 'ispermanentweekfree': '0', 'changeLabel': '無改動', 'goldPrice': '6300', 'couponPrice': '4500', 'camp': '', 'campId': '', 'keywords': '德瑪西亞之翼,奎因,鳥人,ky,dmxyzz,Quinn,nr,demaxiyazhiyi,kuiyin,niaoren', 'instance_id': '911a5633-b453-4848-886d-8cb3b7d61ac0'}"
hero,"{'heroId': '134', 'name': '暗黑元首', 'alias': 'Syndra', 'title': '辛德拉', 'roles': ['mage'], 'isWeekFree': '0', 'attack': '2', 'defense': '3', 'magic': '9', 'difficulty': '8', 'selectAudio': 'https://game.gtimg.cn/images/lol/act/img/vo/choose/134.ogg', 'banAudio': 'https://game.gtimg.cn/images/lol/act/img/vo/ban/134.ogg', 'isARAMweekfree': '0', 'ispermanentweekfree': '0', 'changeLabel': '無改動', 'goldPrice': '3150', 'couponPrice': '2500', 'camp': '', 'campId': '', 'keywords': '暗黑元首,球女,辛德拉,qn,xdl,ahyy,Syndra,anheiyuanshou,qiunv,xindela', 'instance_id': '66062b25-6352-4727-b23f-7c05e1c2ebc8'}"
hero,"{'heroId': '136', 'name': '鑄星龍王', 'alias': 'AurelionSol', 'title': '奧瑞利安索爾', 'roles': ['mage'], 'isWeekFree': '0', 'attack': '2', 'defense': '3', 'magic': '8', 'difficulty': '7', 'selectAudio': 'https://game.gtimg.cn/images/lol/act/img/vo/choose/136.ogg', 'banAudio': 'https://game.gtimg.cn/images/lol/act/img/vo/ban/136.ogg', 'isARAMweekfree': '0', 'ispermanentweekfree': '0', 'changeLabel': '改動英雄', 'goldPrice': '4800', 'couponPrice': '3500', 'camp': '', 'campId': '', 'keywords': '鑄星龍王,奧瑞利安索爾,索爾,龍王,AurelionSol,zhuxinglongwang,aoruiliansuoer,suoer,longwang,zxlw,lw,se,arlasr', 'instance_id': 'f567fd40-ffc3-4afa-b3a8-750f1e8afa53'}"
hero,"{'heroId': '141', 'name': '影流之鐮', 'alias': 'Kayn', 'title': '凱隱', 'roles': ['fighter', 'assassin'], 'isWeekFree': '0', 'attack': '10', 'defense': '6', 'magic': '1', 'difficulty': '8', 'selectAudio': 'https://game.gtimg.cn/images/lol/act/img/vo/choose/141.ogg', 'banAudio': 'https://game.gtimg.cn/images/lol/act/img/vo/ban/141.ogg', 'isARAMweekfree': '0', 'ispermanentweekfree': '0', 'changeLabel': '改動英雄', 'goldPrice': '3150', 'couponPrice': '2500', 'camp': '', 'campId': '', 'keywords': '影流之鐮,凱隱,ky,ylzl,Kayn,yingliuzhilian,kaiyin', 'instance_id': 'ac8f85fc-82d8-4655-a42e-ca41f85aab0c'}"
hero,"{'heroId': '142', 'name': '暮光星靈', 'alias': 'Zoe', 'title': '佐伊', 'roles': ['mage', 'support'], 'isWeekFree': '0', 'attack': '1', 'defense': '7', 'magic': '8', 'difficulty': '5', 'selectAudio': 'https://game.gtimg.cn/images/lol/act/img/vo/choose/142.ogg', 'banAudio': 'https://game.gtimg.cn/images/lol/act/img/vo/ban/142.ogg', 'isARAMweekfree': '0', 'ispermanentweekfree': '0', 'changeLabel': '無改動', 'goldPrice': '4800', 'couponPrice': '3500', 'camp': '', 'campId': '', 'keywords': '暮光星靈,佐伊,zy,mgxl,Zoe,muguangxingling,zuoyi', 'instance_id': '162f5cf3-94db-4af0-8f5f-7cb6cbf7fd35'}"
hero,"{'heroId': '143', 'name': '荊棘之興', 'alias': 'Zyra', 'title': '婕拉', 'roles': ['mage', 'support'], 'isWeekFree': '0', 'attack': '4', 'defense': '3', 'magic': '8', 'difficulty': '7', 'selectAudio': 'https://game.gtimg.cn/images/lol/act/img/vo/choose/143.ogg', 'banAudio': 'https://game.gtimg.cn/images/lol/act/img/vo/ban/143.ogg', 'isARAMweekfree': '0', 'ispermanentweekfree': '0', 'changeLabel': '無改動', 'goldPrice': '3150', 'couponPrice': '2500', 'camp': '', 'campId': '', 'keywords': '荊棘之興,婕拉,jl,jjzx,Zyra,jingjizhixing,jiela', 'instance_id': '1606dc43-eea8-49f0-ac65-70459357fc04'}"
hero,"{'heroId': '145', 'name': '虛空之女', 'alias': 'Kaisa', 'title': '卡莎', 'roles': ['marksman'], 'isWeekFree': '0', 'attack': '8', 'defense': '5', 'magic': '3', 'difficulty': '6', 'selectAudio': 'https://game.gtimg.cn/images/lol/act/img/vo/choose/145.ogg', 'banAudio': 'https://game.gtimg.cn/images/lol/act/img/vo/ban/145.ogg', 'isARAMweekfree': '0', 'ispermanentweekfree': '0', 'changeLabel': '無改動', 'goldPrice': '1350', 'couponPrice': '2000', 'camp': '', 'campId': '', 'keywords': '虛空之女,卡莎,ks,xkzn,Kaisa,xukongzhinv,kasha', 'instance_id': 'ae541f5f-864a-4593-ac6b-1523e75d0ef7'}"
hero,"{'heroId': '147', 'name': '星籟歌姬', 'alias': 'Seraphine', 'title': '薩勒芬妮', 'roles': ['mage', 'support'], 'isWeekFree': '0', 'attack': '0', 'defense': '0', 'magic': '0', 'difficulty': '0', 'selectAudio': 'https://game.gtimg.cn/images/lol/act/img/vo/choose/147.ogg', 'banAudio': 'https://game.gtimg.cn/images/lol/act/img/vo/ban/147.ogg', 'isARAMweekfree': '0', 'ispermanentweekfree': '0', 'changeLabel': '無改動', 'goldPrice': '3150', 'couponPrice': '2500', 'camp': '', 'campId': '', 'keywords': '薩勒芬妮,星籟歌姬,Seraphine,saleifenni,xinglaigeji', 'instance_id': '16a01f31-d028-4e53-93be-1846e8614ab6'}"
hero,"{'heroId': '150', 'name': '迷失之牙', 'alias': 'Gnar', 'title': '納爾', 'roles': ['fighter', 'tank'], 'isWeekFree': '0', 'attack': '6', 'defense': '5', 'magic': '5', 'difficulty': '8', 'selectAudio': 'https://game.gtimg.cn/images/lol/act/img/vo/choose/150.ogg', 'banAudio': 'https://game.gtimg.cn/images/lol/act/img/vo/ban/150.ogg', 'isARAMweekfree': '0', 'ispermanentweekfree': '0', 'changeLabel': '無改動', 'goldPrice': '6300', 'couponPrice': '4500', 'camp': '', 'campId': '', 'keywords': '迷失之牙,納爾,Gnar,ne,mszy,mishizhiya,naer', 'instance_id': 'db03756a-efa1-434d-a737-d07f98551361'}"
hero,"{'heroId': '154', 'name': '生化魔人', 'alias': 'Zac', 'title': '扎克', 'roles': ['tank', 'fighter'], 'isWeekFree': '0', 'attack': '3', 'defense': '7', 'magic': '7', 'difficulty': '8', 'selectAudio': 'https://game.gtimg.cn/images/lol/act/img/vo/choose/154.ogg', 'banAudio': 'https://game.gtimg.cn/images/lol/act/img/vo/ban/154.ogg', 'isARAMweekfree': '0', 'ispermanentweekfree': '0', 'changeLabel': '改動英雄', 'goldPrice': '4800', 'couponPrice': '3000', 'camp': '', 'campId': '', 'keywords': '生化魔人,扎克,Zac,shenghuamoren,zhake,zk,shmr', 'instance_id': 'c05df0bb-acf3-4f29-a3c4-58c0544dca40'}"
hero,"{'heroId': '157', 'name': '疾風劍豪', 'alias': 'Yasuo', 'title': '亞索', 'roles': ['fighter', 'assassin'], 'isWeekFree': '0', 'attack': '8', 'defense': '4', 'magic': '4', 'difficulty': '10', 'selectAudio': 'https://game.gtimg.cn/images/lol/act/img/vo/choose/157.ogg', 'banAudio': 'https://game.gtimg.cn/images/lol/act/img/vo/ban/157.ogg', 'isARAMweekfree': '0', 'ispermanentweekfree': '0', 'changeLabel': '改動英雄', 'goldPrice': '1350', 'couponPrice': '2000', 'camp': '', 'campId': '', 'keywords': '疾風劍豪,劍豪,亞索,Yasuo,ys,jh,jfjh,jifengjianhao,jianhao,yasuo', 'instance_id': '23b8e9d6-e81c-47fa-9b96-491dd2d1f2d2'}"
hero,"{'heroId': '161', 'name': '虛空之眼', 'alias': 'Velkoz', 'title': '維克茲', 'roles': ['mage'], 'isWeekFree': '0', 'attack': '2', 'defense': '2', 'magic': '10', 'difficulty': '8', 'selectAudio': 'https://game.gtimg.cn/images/lol/act/img/vo/choose/161.ogg', 'banAudio': 'https://game.gtimg.cn/images/lol/act/img/vo/ban/161.ogg', 'isARAMweekfree': '0', 'ispermanentweekfree': '0', 'changeLabel': '無改動', 'goldPrice': '6300', 'couponPrice': '4500', 'camp': '', 'campId': '', 'keywords': '虛空之眼,大眼,維克茲,wkz,dy,xkzy,Velkoz,xukongzhiyan,dayan,weikezi', 'instance_id': '17ec51b9-fc6d-4031-8c1c-086e9cea46c6'}"
hero,"{'heroId': '163', 'name': '巖雀', 'alias': 'Taliyah', 'title': '塔莉埡', 'roles': ['mage', 'support'], 'isWeekFree': '0', 'attack': '1', 'defense': '7', 'magic': '8', 'difficulty': '5', 'selectAudio': 'https://game.gtimg.cn/images/lol/act/img/vo/choose/163.ogg', 'banAudio': 'https://game.gtimg.cn/images/lol/act/img/vo/ban/163.ogg', 'isARAMweekfree': '0', 'ispermanentweekfree': '0', 'changeLabel': '無改動', 'goldPrice': '4800', 'couponPrice': '3500', 'camp': '', 'campId': '', 'keywords': '巖雀,小鳥,塔莉埡,tly,xn,yq,Taliyah,yanque,xiaoniao,taliya', 'instance_id': '990a9ec0-6b2d-4beb-9ad5-9569b73515e9'}"
hero,"{'heroId': '164', 'name': '青鋼影', 'alias': 'Camille', 'title': '卡蜜爾', 'roles': ['fighter', 'tank'], 'isWeekFree': '0', 'attack': '8', 'defense': '6', 'magic': '3', 'difficulty': '4', 'selectAudio': 'https://game.gtimg.cn/images/lol/act/img/vo/choose/164.ogg', 'banAudio': 'https://game.gtimg.cn/images/lol/act/img/vo/ban/164.ogg', 'isARAMweekfree': '0', 'ispermanentweekfree': '0', 'changeLabel': '無改動', 'goldPrice': '4800', 'couponPrice': '3500', 'camp': '', 'campId': '', 'keywords': '青鋼影,卡蜜爾,卡密爾,Camille,腿女,qinggangying,kamier,kamier,tuinv,qgy,kme,tn', 'instance_id': '1418505c-d1fe-4deb-9566-03856ee618cc'}"
hero,"{'heroId': '166', 'name': '影哨', 'alias': 'Akshan', 'title': '阿克尚', 'roles': ['marksman', 'assassin'], 'isWeekFree': '0', 'attack': '0', 'defense': '0', 'magic': '0', 'difficulty': '0', 'selectAudio': 'https://game.gtimg.cn/images/lol/act/img/vo/choose/166.ogg', 'banAudio': 'https://game.gtimg.cn/images/lol/act/img/vo/ban/166.ogg', 'isARAMweekfree': '0', 'ispermanentweekfree': '0', 'changeLabel': '無改動', 'goldPrice': '4800', 'couponPrice': '3500', 'camp': '', 'campId': '', 'keywords': '影哨,阿克尚,阿克,阿,yingshao,akeshang,ake,a', 'instance_id': '957f3bd3-08fa-4ebb-9e5e-7c0e89268a5a'}"
hero,"{'heroId': '200', 'name': '虛空女皇', 'alias': 'Belveth', 'title': '卑爾維斯', 'roles': ['fighter'], 'isWeekFree': '0', 'attack': '4', 'defense': '2', 'magic': '7', 'difficulty': '10', 'selectAudio': 'https://game.gtimg.cn/images/lol/act/img/vo/choose/200.ogg', 'banAudio': 'https://game.gtimg.cn/images/lol/act/img/vo/ban/200.ogg', 'isARAMweekfree': '0', 'ispermanentweekfree': '0', 'changeLabel': '改動英雄', 'goldPrice': '4800', 'couponPrice': '3500', 'camp': '', 'campId': '', 'keywords': '虛空女皇,Belveth,卑爾維斯,xukongnvhuang,beierweisi', 'instance_id': '422d6dd0-ea4f-466a-9505-c18ee2bb576c'}"
hero,"{'heroId': '201', 'name': '弗雷爾卓德之心', 'alias': 'Braum', 'title': '布隆', 'roles': ['support', 'tank'], 'isWeekFree': '0', 'attack': '3', 'defense': '9', 'magic': '4', 'difficulty': '3', 'selectAudio': 'https://game.gtimg.cn/images/lol/act/img/vo/choose/201.ogg', 'banAudio': 'https://game.gtimg.cn/images/lol/act/img/vo/ban/201.ogg', 'isARAMweekfree': '0', 'ispermanentweekfree': '0', 'changeLabel': '改動英雄', 'goldPrice': '3150', 'couponPrice': '2500', 'camp': '', 'campId': '', 'keywords': '弗雷爾卓德之心,布隆,bl,Braum,flezdzx,fuleierzhuodezhixin,bulong', 'instance_id': 'ba91a0b4-3293-4c18-8fa4-248c4350d454'}"
hero,"{'heroId': '202', 'name': '戲命師', 'alias': 'Jhin', 'title': '燼', 'roles': ['marksman', 'mage'], 'isWeekFree': '0', 'attack': '10', 'defense': '2', 'magic': '6', 'difficulty': '6', 'selectAudio': 'https://game.gtimg.cn/images/lol/act/img/vo/choose/202.ogg', 'banAudio': 'https://game.gtimg.cn/images/lol/act/img/vo/ban/202.ogg', 'isARAMweekfree': '0', 'ispermanentweekfree': '0', 'changeLabel': '無改動', 'goldPrice': '4444', 'couponPrice': '3500', 'camp': '', 'campId': '', 'keywords': '戲命師,燼,Jhin,j,xms,ximingshi,jin', 'instance_id': 'bba22fd5-322f-408a-a776-34f60fdd85eb'}"
hero,"{'heroId': '203', 'name': '永獵雙子', 'alias': 'Kindred', 'title': '千珏', 'roles': ['marksman'], 'isWeekFree': '0', 'attack': '8', 'defense': '2', 'magic': '2', 'difficulty': '4', 'selectAudio': 'https://game.gtimg.cn/images/lol/act/img/vo/choose/203.ogg', 'banAudio': 'https://game.gtimg.cn/images/lol/act/img/vo/ban/203.ogg', 'isARAMweekfree': '0', 'ispermanentweekfree': '0', 'changeLabel': '無改動', 'goldPrice': '4800', 'couponPrice': '3500', 'camp': '', 'campId': '', 'keywords': '永獵雙子,千珏,Kindred,qj,ylsz,yonglieshuangzi,qianjue', 'instance_id': '844e1768-7e73-4f00-ae24-50c285d28313'}"
hero,"{'heroId': '221', 'name': '祖安花火', 'alias': 'Zeri', 'title': '澤麗', 'roles': ['marksman'], 'isWeekFree': '0', 'attack': '8', 'defense': '5', 'magic': '3', 'difficulty': '6', 'selectAudio': 'https://game.gtimg.cn/images/lol/act/img/vo/choose/221.ogg', 'banAudio': 'https://game.gtimg.cn/images/lol/act/img/vo/ban/221.ogg', 'isARAMweekfree': '0', 'ispermanentweekfree': '0', 'changeLabel': '改動英雄', 'goldPrice': '6300', 'couponPrice': '4500', 'camp': '', 'campId': '', 'keywords': '祖安花火,澤麗,zeri,Zeri,zuanhuahuo,zeli', 'instance_id': '9b7fd1ec-bdfd-4c86-86b6-16fd292d2ca4'}"
hero,"{'heroId': '222', 'name': '暴走蘿莉', 'alias': 'Jinx', 'title': '金克絲', 'roles': ['marksman'], 'isWeekFree': '0', 'attack': '9', 'defense': '2', 'magic': '4', 'difficulty': '6', 'selectAudio': 'https://game.gtimg.cn/images/lol/act/img/vo/choose/222.ogg', 'banAudio': 'https://game.gtimg.cn/images/lol/act/img/vo/ban/222.ogg', 'isARAMweekfree': '0', 'ispermanentweekfree': '0', 'changeLabel': '改動英雄', 'goldPrice': '3150', 'couponPrice': '2500', 'camp': '', 'campId': '', 'keywords': '暴走蘿莉,蘿莉,金克絲,Jinx,jks,ll,bzll,baozouluoli,luoli,jinkesi,金克絲', 'instance_id': 'e0bf4d3b-b792-41a7-9326-6eac112b69e3'}"
hero,"{'heroId': '223', 'name': '河流之王', 'alias': 'TahmKench', 'title': '塔姆', 'roles': ['support', 'tank'], 'isWeekFree': '0', 'attack': '3', 'defense': '9', 'magic': '6', 'difficulty': '5', 'selectAudio': 'https://game.gtimg.cn/images/lol/act/img/vo/choose/223.ogg', 'banAudio': 'https://game.gtimg.cn/images/lol/act/img/vo/ban/223.ogg', 'isARAMweekfree': '0', 'ispermanentweekfree': '0', 'changeLabel': '無改動', 'goldPrice': '6300', 'couponPrice': '4500', 'camp': '', 'campId': '', 'keywords': '河流之王,hama,塔姆,tm,hlzw,TahmKench,heliuzhiwang,tamu', 'instance_id': 'ff466a1d-5aaf-4341-9c90-5bd21c90d4b7'}"
hero,"{'heroId': '234', 'name': '破敗之王', 'alias': 'Viego', 'title': '佛耶戈', 'roles': ['assassin', 'fighter'], 'isWeekFree': '0', 'attack': '6', 'defense': '4', 'magic': '2', 'difficulty': '5', 'selectAudio': 'https://game.gtimg.cn/images/lol/act/img/vo/choose/234.ogg', 'banAudio': 'https://game.gtimg.cn/images/lol/act/img/vo/ban/234.ogg', 'isARAMweekfree': '0', 'ispermanentweekfree': '0', 'changeLabel': '改動英雄', 'goldPrice': '4800', 'couponPrice': '3500', 'camp': '', 'campId': '', 'keywords': '破敗之王,佛耶戈,破敗,佛,pobaizhiwang,fuyege,pobai,fu', 'instance_id': 'd37050e3-9d0a-4586-b014-3236d754445b'}"
hero,"{'heroId': '235', 'name': '滌魂聖槍', 'alias': 'Senna', 'title': '賽娜', 'roles': ['marksman', 'support'], 'isWeekFree': '0', 'attack': '7', 'defense': '2', 'magic': '6', 'difficulty': '7', 'selectAudio': 'https://game.gtimg.cn/images/lol/act/img/vo/choose/235.ogg', 'banAudio': 'https://game.gtimg.cn/images/lol/act/img/vo/ban/235.ogg', 'isARAMweekfree': '0', 'ispermanentweekfree': '0', 'changeLabel': '無改動', 'goldPrice': '3150', 'couponPrice': '2500', 'camp': '', 'campId': '', 'keywords': '滌魂聖槍,賽娜,奶槍,Senna,nq,sn,qhsq,dihunshengqiang,saina,naiqiang', 'instance_id': '0e60be6b-1fdf-4290-9b0d-7c9144f6b13e'}"
hero,"{'heroId': '236', 'name': '聖槍遊俠', 'alias': 'Lucian', 'title': '盧錫安', 'roles': ['marksman'], 'isWeekFree': '0', 'attack': '8', 'defense': '5', 'magic': '3', 'difficulty': '6', 'selectAudio': 'https://game.gtimg.cn/images/lol/act/img/vo/choose/236.ogg', 'banAudio': 'https://game.gtimg.cn/images/lol/act/img/vo/ban/236.ogg', 'isARAMweekfree': '0', 'ispermanentweekfree': '0', 'changeLabel': '無改動', 'goldPrice': '1350', 'couponPrice': '2000', 'camp': '', 'campId': '', 'keywords': '聖槍遊俠,盧錫安,奧巴馬,Lucian,abm,lxa,sqyx,shengqiangyouxia,luxian,aobama', 'instance_id': 'ec9eb704-8d0d-47a0-99b6-44d2707860d0'}"
hero,"{'heroId': '238', 'name': '影流之主', 'alias': 'Zed', 'title': '劫', 'roles': ['assassin'], 'isWeekFree': '0', 'attack': '9', 'defense': '2', 'magic': '1', 'difficulty': '7', 'selectAudio': 'https://game.gtimg.cn/images/lol/act/img/vo/choose/238.ogg', 'banAudio': 'https://game.gtimg.cn/images/lol/act/img/vo/ban/238.ogg', 'isARAMweekfree': '0', 'ispermanentweekfree': '0', 'changeLabel': '無改動', 'goldPrice': '1350', 'couponPrice': '2000', 'camp': '', 'campId': '', 'keywords': '影流之主,劫,j,ylzz,Zed,yingliuzhizhu,jie', 'instance_id': '65880cdc-1af0-41e5-9c22-ab1518702402'}"
hero,"{'heroId': '240', 'name': '暴怒騎士', 'alias': 'Kled', 'title': '克烈', 'roles': ['fighter', 'tank'], 'isWeekFree': '0', 'attack': '8', 'defense': '2', 'magic': '2', 'difficulty': '7', 'selectAudio': 'https://game.gtimg.cn/images/lol/act/img/vo/choose/240.ogg', 'banAudio': 'https://game.gtimg.cn/images/lol/act/img/vo/ban/240.ogg', 'isARAMweekfree': '0', 'ispermanentweekfree': '0', 'changeLabel': '無改動', 'goldPrice': '4800', 'couponPrice': '3500', 'camp': '', 'campId': '', 'keywords': '暴怒騎士,克烈,kl,bnqs,baonuqishi,kelie', 'instance_id': '7a7d5020-9cca-40fc-b383-fcfcdec38aa5'}"
hero,"{'heroId': '245', 'name': '時間刺客', 'alias': 'Ekko', 'title': '艾克', 'roles': ['assassin', 'fighter'], 'isWeekFree': '0', 'attack': '5', 'defense': '3', 'magic': '7', 'difficulty': '8', 'selectAudio': 'https://game.gtimg.cn/images/lol/act/img/vo/choose/245.ogg', 'banAudio': 'https://game.gtimg.cn/images/lol/act/img/vo/ban/245.ogg', 'isARAMweekfree': '0', 'ispermanentweekfree': '0', 'changeLabel': '無改動', 'goldPrice': '3150', 'couponPrice': '2500', 'camp': '', 'campId': '', 'keywords': '時間刺客,艾克,Ekko,shijiancike,aike,ak,sjck', 'instance_id': '6102156a-fd31-4da4-9c42-8c5865d6d8fe'}"
hero,"{'heroId': '246', 'name': '元素女皇', 'alias': 'Qiyana', 'title': '奇亞娜', 'roles': ['assassin', 'fighter'], 'isWeekFree': '0', 'attack': '0', 'defense': '2', 'magic': '4', 'difficulty': '8', 'selectAudio': 'https://game.gtimg.cn/images/lol/act/img/vo/choose/246.ogg', 'banAudio': 'https://game.gtimg.cn/images/lol/act/img/vo/ban/246.ogg', 'isARAMweekfree': '0', 'ispermanentweekfree': '0', 'changeLabel': '改動英雄', 'goldPrice': '4800', 'couponPrice': '3500', 'camp': '', 'campId': '', 'keywords': '元素女皇,奇亞娜,qyn,ysnh,Qiyana,yuansunvhuang,qiyana', 'instance_id': '0dd4b6f5-c508-4afb-bf3f-cd9a6f2c0fbf'}"
hero,"{'heroId': '254', 'name': '皮城執法官', 'alias': 'Vi', 'title': '蔚', 'roles': ['fighter', 'assassin'], 'isWeekFree': '0', 'attack': '8', 'defense': '5', 'magic': '3', 'difficulty': '4', 'selectAudio': 'https://game.gtimg.cn/images/lol/act/img/vo/choose/254.ogg', 'banAudio': 'https://game.gtimg.cn/images/lol/act/img/vo/ban/254.ogg', 'isARAMweekfree': '0', 'ispermanentweekfree': '0', 'changeLabel': '改動英雄', 'goldPrice': '1350', 'couponPrice': '2000', 'camp': '', 'campId': '', 'keywords': '皮城執法官,拳女,蔚,v,qv,pczfg,Vi,pichengzhifaguan,quannv,wei', 'instance_id': '92bb5eb6-1259-4591-b06f-10d6e36b59b8'}"
hero,"{'heroId': '266', 'name': '暗裔劍魔', 'alias': 'Aatrox', 'title': '亞托克斯', 'roles': ['fighter', 'tank'], 'isWeekFree': '0', 'attack': '8', 'defense': '4', 'magic': '3', 'difficulty': '4', 'selectAudio': 'https://game.gtimg.cn/images/lol/act/img/vo/choose/266.ogg', 'banAudio': 'https://game.gtimg.cn/images/lol/act/img/vo/ban/266.ogg', 'isARAMweekfree': '0', 'ispermanentweekfree': '0', 'changeLabel': '改動英雄', 'goldPrice': '4800', 'couponPrice': '3500', 'camp': '', 'campId': '', 'keywords': '劍魔,亞托克斯,暗裔劍魔,jianmo,yatuokesi,anyijianmo,Aatrox,jm,ayjm,ytks', 'instance_id': '3a2a3fff-0e45-4e43-971f-dd14c0bb578b'}"
hero,"{'heroId': '267', 'name': '喚潮鮫姬', 'alias': 'Nami', 'title': '娜美', 'roles': ['support', 'mage'], 'isWeekFree': '0', 'attack': '4', 'defense': '3', 'magic': '7', 'difficulty': '5', 'selectAudio': 'https://game.gtimg.cn/images/lol/act/img/vo/choose/267.ogg', 'banAudio': 'https://game.gtimg.cn/images/lol/act/img/vo/ban/267.ogg', 'isARAMweekfree': '0', 'ispermanentweekfree': '0', 'changeLabel': '無改動', 'goldPrice': '4800', 'couponPrice': '3500', 'camp': '', 'campId': '', 'keywords': '喚潮鮫姬,鮫姬,娜美,nm,jj,hcjj,Nami,huanchaojiaoji,jiaoji,namei', 'instance_id': 'd86231b1-1daf-40db-9647-3c1bb3ad974a'}"
hero,"{'heroId': '268', 'name': '沙漠皇帝', 'alias': 'Azir', 'title': '阿茲爾', 'roles': ['mage', 'marksman'], 'isWeekFree': '0', 'attack': '6', 'defense': '3', 'magic': '8', 'difficulty': '9', 'selectAudio': 'https://game.gtimg.cn/images/lol/act/img/vo/choose/268.ogg', 'banAudio': 'https://game.gtimg.cn/images/lol/act/img/vo/ban/268.ogg', 'isARAMweekfree': '0', 'ispermanentweekfree': '0', 'changeLabel': '改動英雄', 'goldPrice': '6300', 'couponPrice': '4500', 'camp': '', 'campId': '', 'keywords': '沙漠皇帝,阿茲爾,沙皇,Azir,shamohuangdi,azier,shahuang,smhd,aze,sh', 'instance_id': '41d4cdd8-0f29-4fd7-a849-2b8f478da4b5'}"
hero,"{'heroId': '350', 'name': '魔法貓咪', 'alias': 'Yuumi', 'title': '悠米', 'roles': ['support', 'mage'], 'isWeekFree': '0', 'attack': '5', 'defense': '1', 'magic': '8', 'difficulty': '2', 'selectAudio': 'https://game.gtimg.cn/images/lol/act/img/vo/choose/350.ogg', 'banAudio': 'https://game.gtimg.cn/images/lol/act/img/vo/ban/350.ogg', 'isARAMweekfree': '0', 'ispermanentweekfree': '0', 'changeLabel': '改動英雄', 'goldPrice': '450', 'couponPrice': '1000', 'camp': '', 'campId': '', 'keywords': '魔法貓咪,貓,貓咪,悠米,cat,m,mm,mfmm,ym,Yuumi,mofamaomi,mao,maomi,youmi', 'instance_id': 'ed290b55-a9b3-4bb6-88e5-5ce219c29191'}"
hero,"{'heroId': '360', 'name': '沙漠玫瑰', 'alias': 'Samira', 'title': '莎彌拉', 'roles': ['marksman'], 'isWeekFree': '0', 'attack': '8', 'defense': '5', 'magic': '3', 'difficulty': '6', 'selectAudio': 'https://game.gtimg.cn/images/lol/act/img/vo/choose/360.ogg', 'banAudio': 'https://game.gtimg.cn/images/lol/act/img/vo/ban/360.ogg', 'isARAMweekfree': '0', 'ispermanentweekfree': '0', 'changeLabel': '改動英雄', 'goldPrice': '3150', 'couponPrice': '2500', 'camp': '', 'campId': '', 'keywords': '莎彌拉,沙漠玫瑰,Samira,sml,smmg,shamila,shamomeigui', 'instance_id': 'a23babb4-f925-4634-b285-f1ef9f63a15d'}"
hero,"{'heroId': '412', 'name': '魂鎖典獄長', 'alias': 'Thresh', 'title': '錘石', 'roles': ['support', 'fighter'], 'isWeekFree': '0', 'attack': '5', 'defense': '6', 'magic': '6', 'difficulty': '7', 'selectAudio': 'https://game.gtimg.cn/images/lol/act/img/vo/choose/412.ogg', 'banAudio': 'https://game.gtimg.cn/images/lol/act/img/vo/ban/412.ogg', 'isARAMweekfree': '0', 'ispermanentweekfree': '0', 'changeLabel': '改動英雄', 'goldPrice': '3150', 'couponPrice': '2500', 'camp': '', 'campId': '', 'keywords': '魂鎖典獄長,錘石,Thresh,cs,hsdyz,hunsuodianyuzhang,chuishi', 'instance_id': '7af80ebb-a846-424d-9d39-cf9280989390'}"
hero,"{'heroId': '420', 'name': '海獸祭司', 'alias': 'Illaoi', 'title': '俄洛伊', 'roles': ['fighter', 'tank'], 'isWeekFree': '0', 'attack': '8', 'defense': '6', 'magic': '3', 'difficulty': '4', 'selectAudio': 'https://game.gtimg.cn/images/lol/act/img/vo/choose/420.ogg', 'banAudio': 'https://game.gtimg.cn/images/lol/act/img/vo/ban/420.ogg', 'isARAMweekfree': '0', 'ispermanentweekfree': '0', 'changeLabel': '無改動', 'goldPrice': '3150', 'couponPrice': '2500', 'camp': '', 'campId': '', 'keywords': '海獸祭司,俄洛伊,觸手媽,Illaoi,csm,ely,hsjs,haishoujisi,eluoyi,chushouma', 'instance_id': 'd2992309-ba40-4b80-b3c6-3d93f9149560'}"
hero,"{'heroId': '421', 'name': '虛空遁地獸', 'alias': 'RekSai', 'title': '雷克塞', 'roles': ['fighter'], 'isWeekFree': '0', 'attack': '8', 'defense': '5', 'magic': '2', 'difficulty': '3', 'selectAudio': 'https://game.gtimg.cn/images/lol/act/img/vo/choose/421.ogg', 'banAudio': 'https://game.gtimg.cn/images/lol/act/img/vo/ban/421.ogg', 'isARAMweekfree': '0', 'ispermanentweekfree': '0', 'changeLabel': '無改動', 'goldPrice': '6300', 'couponPrice': '4500', 'camp': '', 'campId': '', 'keywords': '虛空遁地獸,挖掘機,雷克賽,雷克塞,lks,wjj,xkdds,RekSai,xukongdundishou,wajueji,leikesai,leikesai', 'instance_id': '05add0f0-4f39-474b-9143-60f4d1b2b61f'}"
hero,"{'heroId': '427', 'name': '翠神', 'alias': 'Ivern', 'title': '艾翁', 'roles': ['support', 'mage'], 'isWeekFree': '0', 'attack': '3', 'defense': '5', 'magic': '7', 'difficulty': '7', 'selectAudio': 'https://game.gtimg.cn/images/lol/act/img/vo/choose/427.ogg', 'banAudio': 'https://game.gtimg.cn/images/lol/act/img/vo/ban/427.ogg', 'isARAMweekfree': '0', 'ispermanentweekfree': '0', 'changeLabel': '無改動', 'goldPrice': '4800', 'couponPrice': '3500', 'camp': '', 'campId': '', 'keywords': '翠神,艾翁,小菊,Ivern,xj,cs,aw,cuishen,aiweng,xiaoju', 'instance_id': 'ee4352ad-5115-415f-97a7-8f08d6e795ed'}"
hero,"{'heroId': '429', 'name': '復仇之矛', 'alias': 'Kalista', 'title': '卡莉絲塔', 'roles': ['marksman'], 'isWeekFree': '0', 'attack': '8', 'defense': '2', 'magic': '4', 'difficulty': '7', 'selectAudio': 'https://game.gtimg.cn/images/lol/act/img/vo/choose/429.ogg', 'banAudio': 'https://game.gtimg.cn/images/lol/act/img/vo/ban/429.ogg', 'isARAMweekfree': '0', 'ispermanentweekfree': '0', 'changeLabel': '改動英雄', 'goldPrice': '4800', 'couponPrice': '3500', 'camp': '', 'campId': '', 'keywords': '復仇之矛,卡莉絲塔,Kalista,fczm,klst,fuchouzhimao,kalisita', 'instance_id': '6a341848-b910-4e90-9cbc-39ad94cd8d44'}"
hero,"{'heroId': '432', 'name': '星界遊神', 'alias': 'Bard', 'title': '巴德', 'roles': ['support', 'mage'], 'isWeekFree': '0', 'attack': '4', 'defense': '4', 'magic': '5', 'difficulty': '9', 'selectAudio': 'https://game.gtimg.cn/images/lol/act/img/vo/choose/432.ogg', 'banAudio': 'https://game.gtimg.cn/images/lol/act/img/vo/ban/432.ogg', 'isARAMweekfree': '0', 'ispermanentweekfree': '0', 'changeLabel': '無改動', 'goldPrice': '6300', 'couponPrice': '4500', 'camp': '', 'campId': '', 'keywords': '星界遊神,巴德,Bard,xingjieyoushen,bade,xjys,bd', 'instance_id': 'a89ba758-a420-4b36-999b-695c73985ff3'}"
hero,"{'heroId': '497', 'name': '幻翎', 'alias': 'Rakan', 'title': '洛', 'roles': ['support'], 'isWeekFree': '0', 'attack': '2', 'defense': '4', 'magic': '8', 'difficulty': '5', 'selectAudio': 'https://game.gtimg.cn/images/lol/act/img/vo/choose/497.ogg', 'banAudio': 'https://game.gtimg.cn/images/lol/act/img/vo/ban/497.ogg', 'isARAMweekfree': '0', 'ispermanentweekfree': '0', 'changeLabel': '改動英雄', 'goldPrice': '4800', 'couponPrice': '3500', 'camp': '', 'campId': '', 'keywords': '幻翎,洛,l,hl,Rakan,huanling,luo', 'instance_id': '23ee45ee-cbc0-4151-99f7-4c090484aa26'}"
hero,"{'heroId': '498', 'name': '逆羽', 'alias': 'Xayah', 'title': '霞', 'roles': ['marksman'], 'isWeekFree': '0', 'attack': '10', 'defense': '6', 'magic': '1', 'difficulty': '5', 'selectAudio': 'https://game.gtimg.cn/images/lol/act/img/vo/choose/498.ogg', 'banAudio': 'https://game.gtimg.cn/images/lol/act/img/vo/ban/498.ogg', 'isARAMweekfree': '0', 'ispermanentweekfree': '0', 'changeLabel': '改動英雄', 'goldPrice': '4800', 'couponPrice': '3500', 'camp': '', 'campId': '', 'keywords': '逆羽,霞,x,ny,Xayah,niyu,xia', 'instance_id': '5077da64-aac6-45c9-b958-7cb87bfb943c'}"
hero,"{'heroId': '516', 'name': '山隱之焰', 'alias': 'Ornn', 'title': '奧恩', 'roles': ['tank', 'fighter'], 'isWeekFree': '0', 'attack': '5', 'defense': '9', 'magic': '3', 'difficulty': '5', 'selectAudio': 'https://game.gtimg.cn/images/lol/act/img/vo/choose/516.ogg', 'banAudio': 'https://game.gtimg.cn/images/lol/act/img/vo/ban/516.ogg', 'isARAMweekfree': '0', 'ispermanentweekfree': '0', 'changeLabel': '無改動', 'goldPrice': '4800', 'couponPrice': '3500', 'camp': '', 'campId': '', 'keywords': '山隱之焰,奧恩,Ornn,an,syzy,shanyinzhiyan,aoen', 'instance_id': '94db7e6e-416f-4043-83c5-032bd4e3505a'}"
hero,"{'heroId': '517', 'name': '解脫者', 'alias': 'Sylas', 'title': '塞拉斯', 'roles': ['mage', 'assassin'], 'isWeekFree': '0', 'attack': '3', 'defense': '4', 'magic': '8', 'difficulty': '5', 'selectAudio': 'https://game.gtimg.cn/images/lol/act/img/vo/choose/517.ogg', 'banAudio': 'https://game.gtimg.cn/images/lol/act/img/vo/ban/517.ogg', 'isARAMweekfree': '0', 'ispermanentweekfree': '0', 'changeLabel': '無改動', 'goldPrice': '3150', 'couponPrice': '2500', 'camp': '', 'campId': '', 'keywords': '解脫者,塞拉斯,sls,suannan,sn,jtz,Sylas,jietuozhe,sailasi', 'instance_id': 'f8598bef-a478-445a-a570-025b3edbfbaf'}"
hero,"{'heroId': '518', 'name': '萬花通靈', 'alias': 'Neeko', 'title': '妮蔻', 'roles': ['mage', 'support'], 'isWeekFree': '0', 'attack': '1', 'defense': '1', 'magic': '9', 'difficulty': '5', 'selectAudio': 'https://game.gtimg.cn/images/lol/act/img/vo/choose/518.ogg', 'banAudio': 'https://game.gtimg.cn/images/lol/act/img/vo/ban/518.ogg', 'isARAMweekfree': '0', 'ispermanentweekfree': '0', 'changeLabel': '改動英雄', 'goldPrice': '4800', 'couponPrice': '3500', 'camp': '', 'campId': '', 'keywords': '萬花通靈,妮蔻,neeko,nk,whtl,wanhuatongling,nikou', 'instance_id': 'ea35ff2c-4f19-4502-962f-228f68140e59'}"
hero,"{'heroId': '523', 'name': '殘月之肅', 'alias': 'Aphelios', 'title': '厄斐琉斯', 'roles': ['marksman'], 'isWeekFree': '0', 'attack': '6', 'defense': '2', 'magic': '1', 'difficulty': '10', 'selectAudio': 'https://game.gtimg.cn/images/lol/act/img/vo/choose/523.ogg', 'banAudio': 'https://game.gtimg.cn/images/lol/act/img/vo/ban/523.ogg', 'isARAMweekfree': '0', 'ispermanentweekfree': '0', 'changeLabel': '改動英雄', 'goldPrice': '4800', 'couponPrice': '3500', 'camp': '', 'campId': '', 'keywords': '殘月之肅,厄斐琉斯,Aphelios,efls,cyzs,canyuezhisu,efeiliusi', 'instance_id': 'f0f43179-e2d1-40f5-84e0-0ae82bf2adc0'}"
hero,"{'heroId': '526', 'name': '鎔鐵少女', 'alias': 'Rell', 'title': '芮爾', 'roles': ['tank', 'support'], 'isWeekFree': '0', 'attack': '0', 'defense': '0', 'magic': '0', 'difficulty': '0', 'selectAudio': 'https://game.gtimg.cn/images/lol/act/img/vo/choose/526.ogg', 'banAudio': 'https://game.gtimg.cn/images/lol/act/img/vo/ban/526.ogg', 'isARAMweekfree': '0', 'ispermanentweekfree': '0', 'changeLabel': '無改動', 'goldPrice': '4800', 'couponPrice': '3500', 'camp': '', 'campId': '', 'keywords': '鎔鐵少女,芮爾,鎔鐵,,rongtieshaonv,ruier,rongtie', 'instance_id': 'd9ac9c3e-54ab-436b-b01f-6612f03c53ef'}"
hero,"{'heroId': '555', 'name': '血港鬼影', 'alias': 'Pyke', 'title': '派克', 'roles': ['support', 'assassin'], 'isWeekFree': '0', 'attack': '9', 'defense': '3', 'magic': '1', 'difficulty': '7', 'selectAudio': 'https://game.gtimg.cn/images/lol/act/img/vo/choose/555.ogg', 'banAudio': 'https://game.gtimg.cn/images/lol/act/img/vo/ban/555.ogg', 'isARAMweekfree': '0', 'ispermanentweekfree': '0', 'changeLabel': '改動英雄', 'goldPrice': '3150', 'couponPrice': '2500', 'camp': '', 'campId': '', 'keywords': '血港鬼影,派克,pk,xggy,Pyke,xuegangguiying,paike', 'instance_id': 'b7682a5e-4877-49a0-b177-98d6e3fd8734'}"
hero,"{'heroId': '711', 'name': '愁雲使者', 'alias': 'Vex', 'title': '薇古絲', 'roles': ['mage'], 'isWeekFree': '0', 'attack': '0', 'defense': '0', 'magic': '0', 'difficulty': '0', 'selectAudio': 'https://game.gtimg.cn/images/lol/act/img/vo/choose/711.ogg', 'banAudio': 'https://game.gtimg.cn/images/lol/act/img/vo/ban/711.ogg', 'isARAMweekfree': '0', 'ispermanentweekfree': '0', 'changeLabel': '無改動', 'goldPrice': '3150', 'couponPrice': '2500', 'camp': '', 'campId': '', 'keywords': '薇古絲,愁雲使者,熬夜波比,weigusi,chouyunshizhe,aoyebobi', 'instance_id': '7830d4ac-1cc2-40e0-81ec-a9680c74e5fb'}"
hero,"{'heroId': '777', 'name': '封魔劍魂', 'alias': 'Yone', 'title': '永恩', 'roles': ['assassin', 'fighter'], 'isWeekFree': '0', 'attack': '8', 'defense': '4', 'magic': '4', 'difficulty': '8', 'selectAudio': 'https://game.gtimg.cn/images/lol/act/img/vo/choose/777.ogg', 'banAudio': 'https://game.gtimg.cn/images/lol/act/img/vo/ban/777.ogg', 'isARAMweekfree': '0', 'ispermanentweekfree': '0', 'changeLabel': '無改動', 'goldPrice': '3150', 'couponPrice': '2500', 'camp': '', 'campId': '', 'keywords': '永恩,封魔劍魂,ye,fmjh,Yone,yongen,fengmojianhun', 'instance_id': '933ced19-ef38-4e0a-a86b-835a106d491e'}"
hero,"{'heroId': '875', 'name': '腕豪', 'alias': 'Sett', 'title': '瑟提', 'roles': ['fighter', 'tank'], 'isWeekFree': '0', 'attack': '8', 'defense': '5', 'magic': '1', 'difficulty': '2', 'selectAudio': 'https://game.gtimg.cn/images/lol/act/img/vo/choose/875.ogg', 'banAudio': 'https://game.gtimg.cn/images/lol/act/img/vo/ban/875.ogg', 'isARAMweekfree': '0', 'ispermanentweekfree': '0', 'changeLabel': '無改動', 'goldPrice': '1350', 'couponPrice': '2000', 'camp': '', 'campId': '', 'keywords': '腕豪,瑟提,jinfu,jf,Sett,st,wh,wanhao,seti', 'instance_id': '5ad11bec-22d6-45e6-8dc3-70776b19e951'}"
hero,"{'heroId': '876', 'name': '含羞蓓蕾', 'alias': 'Lillia', 'title': '莉莉婭', 'roles': ['fighter', 'mage'], 'isWeekFree': '0', 'attack': '0', 'defense': '2', 'magic': '10', 'difficulty': '8', 'selectAudio': 'https://game.gtimg.cn/images/lol/act/img/vo/choose/876.ogg', 'banAudio': 'https://game.gtimg.cn/images/lol/act/img/vo/ban/876.ogg', 'isARAMweekfree': '0', 'ispermanentweekfree': '0', 'changeLabel': '改動英雄', 'goldPrice': '4800', 'couponPrice': '3500', 'camp': '', 'campId': '', 'keywords': '含羞蓓蕾,莉莉婭,小鹿,lly,hxbl,Lillia,hanxiubeilei,liliya,xiaolu', 'instance_id': '9ac93543-a5f2-4e06-8ab4-f64c8a895708'}"
hero,"{'heroId': '887', 'name': '靈羅娃娃', 'alias': 'Gwen', 'title': '格溫', 'roles': ['fighter', 'assassin'], 'isWeekFree': '0', 'attack': '7', 'defense': '4', 'magic': '5', 'difficulty': '5', 'selectAudio': 'https://game.gtimg.cn/images/lol/act/img/vo/choose/887.ogg', 'banAudio': 'https://game.gtimg.cn/images/lol/act/img/vo/ban/887.ogg', 'isARAMweekfree': '0', 'ispermanentweekfree': '0', 'changeLabel': '無改動', 'goldPrice': '4800', 'couponPrice': '3500', 'camp': '', 'campId': '', 'keywords': '靈羅娃娃,格溫,靈,娃wa,gw,Gw,,lingluowawa,gewen,ling,wa', 'instance_id': 'c685e1f3-44e9-4efa-9fd5-3026c3d34dfc'}"
hero,"{'heroId': '888', 'name': '鍊金男爵', 'alias': 'Renata', 'title': '烈娜塔 · 戈拉斯克', 'roles': ['support', 'mage'], 'isWeekFree': '0', 'attack': '2', 'defense': '6', 'magic': '9', 'difficulty': '8', 'selectAudio': 'https://game.gtimg.cn/images/lol/act/img/vo/choose/888.ogg', 'banAudio': 'https://game.gtimg.cn/images/lol/act/img/vo/ban/888.ogg', 'isARAMweekfree': '0', 'ispermanentweekfree': '0', 'changeLabel': '無改動', 'goldPrice': '6300', 'couponPrice': '4500', 'camp': '', 'campId': '', 'keywords': '烈娜塔,烈娜塔戈拉斯克,Renata,renata,鍊金男爵,lienata,lienatagelasike,lianjinnanjue', 'instance_id': '919dc3cc-e9af-49fc-a683-191e5474db68'}"
hero,"{'heroId': '895', 'name': '不羈之悅', 'alias': 'Nilah', 'title': '尼菈', 'roles': ['fighter', 'assassin'], 'isWeekFree': '0', 'attack': '8', 'defense': '4', 'magic': '4', 'difficulty': '10', 'selectAudio': 'https://game.gtimg.cn/images/lol/act/img/vo/choose/895.ogg', 'banAudio': 'https://game.gtimg.cn/images/lol/act/img/vo/ban/895.ogg', 'isARAMweekfree': '0', 'ispermanentweekfree': '0', 'changeLabel': '無改動', 'goldPrice': '6300', 'couponPrice': '4500', 'camp': '', 'campId': '', 'keywords': '尼菈,不羈之悅,Nilah,nila,bujizhiyue', 'instance_id': '2419aa41-bee2-483a-b739-63ba23edc07c'}"
hero,"{'heroId': '897', 'name': '納祖芒榮耀', 'alias': 'KSante', 'title': '奎桑提', 'roles': ['tank', 'fighter'], 'isWeekFree': '0', 'attack': '8', 'defense': '8', 'magic': '7', 'difficulty': '9', 'selectAudio': 'https://game.gtimg.cn/images/lol/act/img/vo/choose/897.ogg', 'banAudio': 'https://game.gtimg.cn/images/lol/act/img/vo/ban/897.ogg', 'isARAMweekfree': '0', 'ispermanentweekfree': '0', 'changeLabel': '改動英雄', 'goldPrice': '6300', 'couponPrice': '4500', 'camp': '', 'campId': '', 'keywords': '奎桑提,納祖芒榮耀,kuisangti,nazumangrongyao', 'instance_id': '8977ce3d-094d-4eb2-8344-daa0e2132981'}"
hero,"{'heroId': '902', 'name': '明燭', 'alias': 'Milio', 'title': '米利歐', 'roles': ['support'], 'isWeekFree': '0', 'attack': '2', 'defense': '4', 'magic': '8', 'difficulty': '5', 'selectAudio': 'https://game.gtimg.cn/images/lol/act/img/vo/choose/902.ogg', 'banAudio': 'https://game.gtimg.cn/images/lol/act/img/vo/ban/902.ogg', 'isARAMweekfree': '0', 'ispermanentweekfree': '0', 'changeLabel': '新英雄', 'goldPrice': '7800', 'couponPrice': '4500', 'camp': '', 'campId': '', 'keywords': '明燭,米利歐,mingzhu,miliou', 'instance_id': 'c314073d-ff9d-433a-81cc-5081fc93b54a'}"
version,13.9
fileName,hero_list.js
fileTime,2023-05-05 11:03:22
